GCA_020348965.1,Candidatus_Heimdallarchaeota_archaeon_bin272,2026747,ASGARDARCHAEOTA
GCA_021513715.1,Candidatus_Heimdallarchaeum_endolithica,2876572,ASGARDARCHAEOTA
GCA_025839675.1,Candidatus_Lokiarchaeum_ossiferum,2951803,ASGARDARCHAEOTA
GCA_001940665.2,Candidatus_Odinarchaeum_yellowstonii,1841599,ASGARDARCHAEOTA
GCA_020355105.1,Candidatus_Thorarchaeota_archaeon_bin8,2053491,ASGARDARCHAEOTA
GCA_020348985.1,Candidatus_Thorarchaeota_archaeon_bin27,2053491,ASGARDARCHAEOTA
GCA_020343655.1,Promethearchaeota_archaeon_bin132,2053489,ASGARDARCHAEOTA
GCF_008000775.1,Promethearchaeum_syntrophicum,2594042,ASGARDARCHAEOTA
GCF_000213215.1,Acidianus_hospitalis_W1,933801,CRENARCHAEOTA
GCF_000144915.1,Acidilobus_saccharovorans_345-15,666510,CRENARCHAEOTA
GCF_000011125.1,Aeropyrum_pernix_K1,272557,CRENARCHAEOTA
GCF_000317795.1,Caldisphaera_lagunensis_DSM_15908,1056495,CRENARCHAEOTA
GCF_000018305.1,Caldivirga_maquilingensis_IC-167,397948,CRENARCHAEOTA
GCA_029637525.1,Desulfurococcaceae_archaeon_MEX13E-LK6-19,2822207,CRENARCHAEOTA
GCF_000020905.1,Desulfurococcus_amylolyticus_1221n,490899,CRENARCHAEOTA
GCF_000258425.1,Fervidicoccus_fontis_Kam940,1163730,CRENARCHAEOTA
GCF_000015145.1,Hyperthermus_butylicus_DSM_5456,415426,CRENARCHAEOTA
GCF_000017945.1,Ignicoccus_hospitalis_KIN4I,453591,CRENARCHAEOTA
GCA_000145985.1,Ignisphaera_aggregans_DSM_17230,583356,CRENARCHAEOTA
GCF_000993805.1,Infirmifilum_uzonense_1807-2,1550241,CRENARCHAEOTA
GCA_000016605.1,Metallosphaera_sedula_DSM_5348,399549,CRENARCHAEOTA
GCF_000007225.1,Pyrobaculum_aerophilum_IM2,178306,CRENARCHAEOTA
GCF_001412615.1,Pyrodictium_delaneyi_Su06,1273541,CRENARCHAEOTA
GCF_033097485.1,Pyrofollis_japonicus_YC29,3060460,CRENARCHAEOTA
GCF_000223395.1,Pyrolobus_fumarii_1A,694429,CRENARCHAEOTA
GCF_000007005.1,Saccharolobus_solfataricus_P2,273057,CRENARCHAEOTA
GCF_000092465.1,Staphylothermus_hellenicus_DSM_12710,591019,CRENARCHAEOTA
GCF_009729035.1,Stygiolobus_azoricus_FC6,41675,CRENARCHAEOTA
GCF_003967175.1,Sulfodiicoccus_acidiphilus_HS-1,1670455,CRENARCHAEOTA
GCF_000012285.1,Sulfolobus_acidocaldarius_DSM_639,330779,CRENARCHAEOTA
GCF_008326385.1,Sulfuracidifex_tepidarius_IC-007,1294262,CRENARCHAEOTA
GCF_000011205.1,Sulfurisphaera_tokodaii_7,273063,CRENARCHAEOTA
GCF_000446015.1,Thermofilum_adornatum_1910b,1365176,CRENARCHAEOTA
GCF_000264495.1,Thermogladius_calderae_1633,1184251,CRENARCHAEOTA
GCF_000253055.1,Thermoproteus_tenax_Kra_1,768679,CRENARCHAEOTA
GCF_000092185.1,Thermosphaera_aggregans_DSM_11486,633148,CRENARCHAEOTA
GCF_000148385.1,Vulcanisaeta_distributa_DSM_14429,572478,CRENARCHAEOTA
GCF_000008665.1,Archaeoglobus_fulgidus_DSM_4304,224325,EURYARCHAEOTA
GCF_020885915.1,Candidatus_Methanoliparum_sp._LAM-1,2874846,EURYARCHAEOTA
GCA_905171695.1,Candidatus_Methanoperedenaceae_archaeon_GB37,2691037,EURYARCHAEOTA
GCA_025962715.1,Candidatus_Methanospirare_jalkutatii,2977098,EURYARCHAEOTA
GCF_000025505.1,Ferroglobus_placidus_DSM_10642,589924,EURYARCHAEOTA
GCA_000789255.1,Geoglobus_acetivorans_SBH6,565033,EURYARCHAEOTA
GCF_020618475.1,Haladaptatus_halobius_PSR5,2884875,EURYARCHAEOTA
GCF_002952775.1,Halalkaliarchaeum_desulfuricum_AArc-Sl,2055893,EURYARCHAEOTA
GCF_000196895.1,Halalkalicoccus_jeotgali_B3,795797,EURYARCHAEOTA
GCF_001011115.1,Halanaeroarchaeum_sulfurireducens_HSR2,1604004,EURYARCHAEOTA
GCF_004799665.1,Halapricum_salinum_CBA1105,1457250,EURYARCHAEOTA
GCF_003721175.2,Halarchaeum_sp._CBA1220,1853682,EURYARCHAEOTA
GCF_000011085.1,Haloarcula_marismortui_ATCC_43049,272569,EURYARCHAEOTA
GCF_000006805.1,Halobacterium_salinarum_NRC-1_ATCC_700922,64091,EURYARCHAEOTA
GCF_019823105.1,Halobaculum_magnesiiphilum_NBRC_109044,1017351,EURYARCHAEOTA
GCF_024498335.1,Halobellus_ramosii_DSM_26177,1379040,EURYARCHAEOTA
GCF_000226975.2,Halobiforma_lacisalsi_AJ5,358396,EURYARCHAEOTA
GCF_023115355.1,Halocatena_salina_AD-1,2934340,EURYARCHAEOTA
GCF_003058365.1,Halococcoides_cellulosivorans_HArcel1T,1679096,EURYARCHAEOTA
GCF_022870485.1,Halococcus_dombrowskii_H4,179637,EURYARCHAEOTA
GCF_001767315.1,Halodesulfurarchaeum_formicicum_HTSR1,1873524,EURYARCHAEOTA
GCF_000025685.1,Haloferax_volcanii_DS2,309800,EURYARCHAEOTA
GCF_000172995.2,Halogeometricum_borinquense_DSM_11551,469382,EURYARCHAEOTA
GCF_024298885.1,Haloglomus_halophilum_ZY41,2962672,EURYARCHAEOTA
GCF_002788215.1,Halohasta_litchfieldiae_tADL,1073996,EURYARCHAEOTA
GCF_002025255.2,Halolamina_sp._CBA1230,1853690,EURYARCHAEOTA
GCF_024227715.1,Halomarina_sp._BCD28,2961595,EURYARCHAEOTA
GCF_024218775.1,Halomicroarcula_marina_DT1,2961574,EURYARCHAEOTA
GCF_000023965.1,Halomicrobium_mukohataei_DSM_12286,485914,EURYARCHAEOTA
GCF_002355635.1,Halopenitus_persicus_CBA1233,1048396,EURYARCHAEOTA
GCF_000217715.1,Halopiger_xanaduensis_SH-6,797210,EURYARCHAEOTA
GCF_003856835.1,Haloplanus_aerogenes_JCM_16430,660522,EURYARCHAEOTA
GCF_020097835.1,Haloprofundus_halobius_SEDH52,2876194,EURYARCHAEOTA
GCF_000237865.1,Haloquadratum_walsbyi_C23_DSM_16854_C23,768065,EURYARCHAEOTA
GCF_024362405.1,Halorarius_litoreus_BND22,2962676,EURYARCHAEOTA
GCF_000470655.1,Halorhabdus_tiamatea_SARL4B,1033806,EURYARCHAEOTA
GCF_001989615.1,Halorientalis_IM1011,1932360,EURYARCHAEOTA
GCF_000022205.1,Halorubrum_lacusprofundi_ATCC_49239,416348,EURYARCHAEOTA
GCF_004087835.1,Halorussus_pelagicus_RC-68,2505977,EURYARCHAEOTA
GCF_029338355.1,Halosegnis_sp._DT85,3034023,EURYARCHAEOTA
GCF_013415885.1,Halosimplex_rubrum_R27,869889,EURYARCHAEOTA
GCF_023028105.1,Halosolutus_gelatinilyticus_SQT-29-1,2931975,EURYARCHAEOTA
GCF_000517625.1,Halostagnicola_larsenii_XH-48,797299,EURYARCHAEOTA
GCF_000025325.1,Haloterrigena_turkmenica_DSM_5511,543526,EURYARCHAEOTA
GCF_026410925.1,Halovenus_salina_JCM_30072,1510225,EURYARCHAEOTA
GCF_000328525.1,Halovivax_ruber_XH-70,797302,EURYARCHAEOTA
GCF_032594435.1,Methanimicrococcus_sp._Es2,3028294,EURYARCHAEOTA
GCF_000191585.1,Methanobacterium_lacus_AL-21,877455,EURYARCHAEOTA
GCF_000024185.1,Methanobrevibacter_ruminantium_M1,634498,EURYARCHAEOTA
GCF_000091665.1,Methanocaldococcus_jannaschii_DSM_2661,243232,EURYARCHAEOTA
GCF_000063445.1,Methanocella_arvoryzae_MRE50,351160,EURYARCHAEOTA
GCF_000013725.1,Methanococcoides_burtonii_DSM_6242,259564,EURYARCHAEOTA
GCF_000011585.1,Methanococcus_maripaludis_S2,267377,EURYARCHAEOTA
GCF_000015765.1,Methanocorpusculum_labreanum_Z,410358,EURYARCHAEOTA
GCF_900036045.1,Methanoculleus_bourgensis,83986,EURYARCHAEOTA
GCF_003351865.1,Methanofervidicoccus_A16,2607662,EURYARCHAEOTA
GCF_017357525.1,Methanofollis_aquaemaris_N2F9704,126734,EURYARCHAEOTA
GCF_026684035.1,Methanogenium_organophilum_DSM_3596,2199,EURYARCHAEOTA
GCF_000196655.1,Methanohalobium_evestigatum_Z-7303,644295,EURYARCHAEOTA
GCF_000025865.1,Methanohalophilus_mahii_DSM_5219,547558,EURYARCHAEOTA
GCF_000147875.1,Methanolacinia_petrolearia_DSM_11571,679926,EURYARCHAEOTA
GCA_016699325.1,Methanolinea_sp.,2268143,EURYARCHAEOTA
GCF_013388255.1,Methanolobus_zinderi_DSM_21339,536044,EURYARCHAEOTA
GCF_000328665.1,Methanomethylovorans_hollandica_DSM_15978,867904,EURYARCHAEOTA
GCF_029633915.1,Methanomicrobium_antiquum_DSM_21220,487686,EURYARCHAEOTA
GCF_029854155.1,Methanonatronarchaeum_sp._AMET-Sl,3037654,EURYARCHAEOTA
GCF_024662215.1,Methanoplanus_endosymbiosus_DSM_3599,33865,EURYARCHAEOTA
GCF_000007185.1,Methanopyrus_kandleri_AV19,190192,EURYARCHAEOTA
GCF_000327485.1,Methanoregula_formicica_SMSP,593750,EURYARCHAEOTA
GCF_000217995.1,Methanosalsum_zhilinae_DSM_4017,679901,EURYARCHAEOTA
GCF_000007345.1,Methanosarcina_acetivorans_C2A,188937,EURYARCHAEOTA
GCF_000007065.1,Methanosarcina_mazei_Go1,192952,EURYARCHAEOTA
GCF_000012545.1,Methanosphaera_stadtmanae_DSM_3091,339860,EURYARCHAEOTA
GCF_000021965.1,Methanosphaerula_palustris_E1-9c,521011,EURYARCHAEOTA
GCF_000013445.1,Methanospirillum_hungatei_JF-1,323259,EURYARCHAEOTA
GCF_000008645.1,Methanothermobacter_thermautotrophicus_Delta_H,187420,EURYARCHAEOTA
GCF_000179575.2,Methanothermococcus_okinawensis_IH1,647113,EURYARCHAEOTA
GCF_000166095.1,Methanothermus_fervidus_DSM_2088,523846,EURYARCHAEOTA
GCF_000204415.1,Methanothrix_soehngenii_GP6,990316,EURYARCHAEOTA
GCF_000214415.1,Methanotorris_igneus_Kol_5,880724,EURYARCHAEOTA
GCA_001761425.1,Nanohaloarchaea_archaeon_SG9,1737403,EURYARCHAEOTA
GCF_017094485.1,Natranaeroarchaeum_sulfidigenes_AArc-S,2784880,EURYARCHAEOTA
GCF_002156705.1,Natrarchaeobaculum_aegyptiacum_JWNM-HA_15,745377,EURYARCHAEOTA
GCF_000025625.1,Natrialba_magadii_ATCC_43099,547559,EURYARCHAEOTA
GCF_023008545.1,Natribaculum_luteum_IBRC-M_10912,1586232,EURYARCHAEOTA
GCF_000281695.1,Natrinema_J7-2,406552,EURYARCHAEOTA
GCF_000230715.2,Natronobacterium_gregoryi_SP2,797304,EURYARCHAEOTA
GCF_024362485.1,Natronobeatus_ordinarius_WLHSJ27,2963433,EURYARCHAEOTA
GCF_000328685.1,Natronococcus_occultus_SP4,694430,EURYARCHAEOTA
GCF_000026045.1,Natronomonas_pharaonis_DSM_2160,348780,EURYARCHAEOTA
GCF_024362525.1,Natrononativus_amylolyticus_CGA73,2963434,EURYARCHAEOTA
GCF_004799645.1,Natronorubrum_bangense_JCM_10635,61858,EURYARCHAEOTA
GCF_023973145.1,Natronosalvus_vescus_CGA3,2953881,EURYARCHAEOTA
GCF_000725425.1,Palaeococcus_pacificus_DY20341,1343739,EURYARCHAEOTA
GCF_000195935.2,Pyrococcus_abyssi_GE5_Orsay,272844,EURYARCHAEOTA
GCF_000007305.1,Pyrococcus_furiosus_DSM_3638,186497,EURYARCHAEOTA
GCF_020614395.1,Salarchaeum_japonicum_JCM_16327,555573,EURYARCHAEOTA
GCF_000403645.1,Salinarchaeum_Harcht-Bsk1,1333523,EURYARCHAEOTA
GCF_030505615.1,Salinibaculum_sp._KK48,3058903,EURYARCHAEOTA
GCF_002906575.1,Salinigranum_rubrum_GX10,755307,EURYARCHAEOTA
GCF_024296665.1,Salinilacihabitans_rarus_AD-4,2961596,EURYARCHAEOTA
GCF_025231485.1,Salinirubellus_salinus_ZS-35-S2,1364945,EURYARCHAEOTA
GCF_000009965.1,Thermococcus_kodakarensis_KOD1,69014,EURYARCHAEOTA
GCA_000200715.1,Cenarchaeum_symbiosum_A,414004,NITROSOSPHAEROTA
GCF_013340765.1,Conexivisphaera_calida_NAS-02,1874277,NITROSOSPHAEROTA
GCF_000018465.1,Nitrosopumilus_maritimus_SCM1,436308,NITROSOSPHAEROTA
GCF_000698785.1,Nitrososphaera_viennensis_EN76,926571,NITROSOSPHAEROTA
GCA_000270325.1,Candidatus_Caldarchaeum_subterraneum,311458,NITROSOSPHAEROTA
GCA_000204585.1,Candidatus_Nitrosarchaeum_limnium_SFB1,886738,NITROSOSPHAEROTA
GCF_002906215.1,Candidatus_Nitrosocaldus_islandicus,2045011,NITROSOSPHAEROTA
GCF_000802205.1,Candidatus_Nitrosocosmicus_oleophilus_MY3,1353260,NITROSOSPHAEROTA
GCF_002156965.1,Candidatus_Nitrosomarinus_catalina_SPOT01,1898749,NITROSOSPHAEROTA
GCF_000812185.1,Candidatus_Nitrosopelagicus_brevis_CN25,1410606,NITROSOSPHAEROTA
GCF_000299365.1,Candidatus_Nitrosopumilus_koreensis_AR1,1229908,NITROSOSPHAEROTA
GCF_000303155.1,Candidatus_Nitrososphaera_gargensis_Ga9.2,1237085,NITROSOSPHAEROTA
GCF_000955905.1,Candidatus_Nitrosotenuis_cloacae_SAT1,1603555,NITROSOSPHAEROTA
GCF_031201125.1,Acidiplasma_sp.,1872114,THERMOPLASMATOTA
GCF_000025665.1,Aciduliprofundum_boonei_T469,439481,THERMOPLASMATOTA
GCA_019262145.1,Candidatus_Methanogranum_sp._U3.2.1,2848114,THERMOPLASMATOTA
GCF_000404225.1,Candidatus_Methanomassiliicoccus_intestinalis_Issoire-Mx1,1295009,THERMOPLASMATOTA
GCF_003711245.1,Candidatus_Methanomethylophilus_alvus_Mx-05,1291540,THERMOPLASMATOTA
GCF_000800805.1,Candidatus_Methanoplasma_termitum_MpT1,1577791,THERMOPLASMATOTA
GCF_900090055.1,Cuniculiplasma_divulgatum_PM4_JCM_30641,1673428,THERMOPLASMATOTA
GCF_000152265.2,Ferroplasma_acidarmanus_Fer1,333146,THERMOPLASMATOTA
GCA_009911715.1,Methanomassiliicoccaceae_archaeon_DOK,1535962,THERMOPLASMATOTA
GCA_030168595.1,Methanomassiliicoccales_archaeon_LGM-DZ1,3018978,THERMOPLASMATOTA
GCF_000008265.1,Picrophilus_oshimae_DSM_9789_DSM_9790,1122961,THERMOPLASMATOTA
GCF_000195915.1,Thermoplasma_acidophilum_DSM_1728,273075,THERMOPLASMATOTA
GCF_000011185.1,Thermoplasma_volcanium_GSS1,273116,THERMOPLASMATOTA
GCA_000350305.1,Thermoplasmatales_archaeon_BRNA1,1054217,THERMOPLASMATOTA
GCA_016806715.1,Thermoplasmatales_archaeon_B_DKE,2268204,THERMOPLASMATOTA
GCA_001560915.1,methanogenic_archaeon_ISO4-H5,1495144,THERMOPLASMATOTA
GCA_000246735.1,uncultured_Candidatus_Poseidoniales_archaeon,274854,THERMOPLASMATOTA
GCA_000008085.1,Nanoarchaeum_equitans_Kin4-M,228908,OTHER_ARCHAEA
GCF_023169545.1,Nanobdella_aerobiophila,2586965,OTHER_ARCHAEA
GCA_016432325.1,Candidatus_Aenigmarchaeota_archaeon,2093792,OTHER_ARCHAEA
GCA_020341775.1,Candidatus_Bathyarchaeota_archaeon,2026714,OTHER_ARCHAEA
GCA_020344435.1,Candidatus_Bathyarchaeota_archaeon,2026714,OTHER_ARCHAEA
GCA_020344315.1,Candidatus_Bathyarchaeum,3072974,OTHER_ARCHAEA
GCA_016699555.1,Candidatus_Diapherotrites_archaeon,2026736,OTHER_ARCHAEA
GCA_013426015.1,Candidatus_Fermentimicrarchaeum_limneticum,2795018,OTHER_ARCHAEA
GCF_000019605.1,Candidatus_Korarchaeum_cryptofilum_OPF8,374847,OTHER_ARCHAEA
GCF_002214165.1,Candidatus_Mancarchaeum_acidiphilum_Mia14,1920749,OTHER_ARCHAEA
GCA_021654395.1,Candidatus_Micrarchaeota_archaeon,2250274,OTHER_ARCHAEA
GCF_016806735.1,Candidatus_Micrarchaeum_A_DKE,2282148,OTHER_ARCHAEA
GCA_029207735.1,Candidatus_Nanohaloarchaeota_archaeon_SVXNc,2978047,OTHER_ARCHAEA
GCA_029232205.1,Candidatus_Nanohalobia_archaeon_BNXNv,2978046,OTHER_ARCHAEA
GCF_009617975.1,Candidatus_Nanohalobium_constans,2565781,OTHER_ARCHAEA
GCA_026016245.1,Candidatus_Pacearchaeota_archaeon,2026773,OTHER_ARCHAEA
GCA_016432305.1,Candidatus_Woesearchaeota_archaeon,2026803,OTHER_ARCHAEA
GCA_020343615.1,Candidatus_Woesearchaeota_archaeon,2026803,OTHER_ARCHAEA
GCA_000830275.1,archaeon_GW2011_AR10,1579370,OTHER_ARCHAEA
GCA_000830295.1,archaeon_GW2011_AR15,1579373,OTHER_ARCHAEA
GCA_000830315.1,archaeon_GW2011_AR20,1579378,OTHER_ARCHAEA
GCA_020343435.1,archaeon_bin1429,1906665,OTHER_ARCHAEA
GCA_020355185.1,archaeon_bin779,1906665,OTHER_ARCHAEA
GCF_003330725.1,Acidisarcina_polymorpha_SBC82,2211140,ACIDOBACTERIOTA
GCF_000022565.1,Acidobacterium_capsulatum_ATCC_51196,240015,ACIDOBACTERIOTA
GCF_014274465.1,Alloacidobacterium_dinghuense_4Y35,2763107,ACIDOBACTERIOTA
GCA_016865505.2,Bryobacterales_bacterium_F-183,2802972,ACIDOBACTERIOTA
GCF_000014005.1,Candidatus_Koribacter_versatilis_Ellin345,204669,ACIDOBACTERIOTA
GCF_000226295.1,Chloracidobacterium_thermophilum_B,981222,ACIDOBACTERIOTA
GCF_025264665.1,Edaphobacter_flagellatus_HZ411,1933044,ACIDOBACTERIOTA
GCF_030295385.1,Geothrix_oryzae_Red222,2927975,ACIDOBACTERIOTA
GCF_000178975.2,Granulicella_tundricola_MP5ACTX9,1198114,ACIDOBACTERIOTA
GCF_001618865.1,Luteitalea_pratensis_DSM_100886,1855912,ACIDOBACTERIOTA
GCF_030295405.1,Mesoterricola_silvestris_W79,2927979,ACIDOBACTERIOTA
GCF_025264625.1,Occallatibacter_riparius_DSM_25168,1002689,ACIDOBACTERIOTA
GCF_015277775.1,Paludibaculum_fermentans_P105,1473598,ACIDOBACTERIOTA
GCF_017498545.1,Sulfidibacter_corallicola_M133,2818388,ACIDOBACTERIOTA
GCF_000265425.1,Terriglobus_roseus_DSM_18391,926566,ACIDOBACTERIOTA
GCF_016592575.1,Thermotomaculum_hydrothermale_AC55,981385,ACIDOBACTERIOTA
GCF_000023265.1,Acidimicrobium_ferrooxidans_DSM_10331,525909,ACTINOMYCETOTA
GCF_000310065.1,Acidipropionibacterium_acidipropionici_ATCC_4875,1171373,ACTINOMYCETOTA
GCA_033097465.1,Acidothermaceae_bacterium_B102,3061014,ACTINOMYCETOTA
GCF_000015025.1,Acidothermus_cellulolyticus_11B_ATCC_43068,351607,ACTINOMYCETOTA
GCF_024927965.1,Actinacidiphila_bryophytorum_DS3,1436133,ACTINOMYCETOTA
GCF_002234535.1,Actinoalloteichus_hoggarensis_DSM_45943,1470176,ACTINOMYCETOTA
GCF_003073475.1,Actinobaculum_313,2495645,ACTINOMYCETOTA
GCF_018324685.1,Actinocatenispora_sera_NBRC_101916,390989,ACTINOMYCETOTA
GCF_024760565.1,Actinokineospora_UTMC_2448,2268449,ACTINOMYCETOTA
GCF_019175365.1,Actinomadura_graeca_32-07,2750812,ACTINOMYCETOTA
GCF_009650215.1,Actinomarinicola_tropica_SCSIO_58843,2789776,ACTINOMYCETOTA
GCF_016127855.1,Actinomyces_naeslundii_FDAARGOS_1037,1655,ACTINOMYCETOTA
GCF_000494755.1,Actinoplanes_friuliensis_DSM_7358,1246995,ACTINOMYCETOTA
GCF_900104745.1,Actinopolymorpha_singaporensis_DSM_22024,117157,ACTINOMYCETOTA
GCF_002263515.1,Actinopolyspora_erythraea_YIM_90600,414996,ACTINOMYCETOTA
GCF_000023245.1,Actinosynnema_mirum_DSM_43827,446462,ACTINOMYCETOTA
GCF_014042015.1,Actinotalea_JY-7876,2758442,ACTINOMYCETOTA
GCF_000724605.1,Actinotignum_schaalii_CCUG_27420,59505,ACTINOMYCETOTA
GCF_000478885.1,Adlercreutzia_equolifaciens_DSM_19450,1384484,ACTINOMYCETOTA
GCF_001509405.1,Aeromicrobium_erythreum_AR18,2041,ACTINOMYCETOTA
GCF_904528075.1,Agreia_COWG,2773266,ACTINOMYCETOTA
GCF_005484985.1,Agrococcus_sp._SGAir0287,2070347,ACTINOMYCETOTA
GCF_001660485.1,Agromyces_aureus_AR33,453304,ACTINOMYCETOTA
GCF_900070365.1,Alloactinosynnema_L-07,1653480,ACTINOMYCETOTA
GCF_021391335.1,Allobranchiibius_GilTou73,2904523,ACTINOMYCETOTA
GCF_009664835.1,Allosaccharopolyspora_coralli_E2A,2665642,ACTINOMYCETOTA
GCF_000220945.1,Amycolatopsis_mediterranei_S699,713604,ACTINOMYCETOTA
GCF_019048865.1,Aquihabitans_G128,2849779,ACTINOMYCETOTA
GCF_013283855.1,Aquiluna_borgnonia_15G-AUS-rot,2499157,ACTINOMYCETOTA
GCF_000277715.1,Arachnia_propionica_F0230a,767029,ACTINOMYCETOTA
GCF_000092365.1,Arcanobacterium_haemolyticum_DSM_20595,644284,ACTINOMYCETOTA
GCF_001189535.1,Arsenicicoccus_oral_taxon_190_F0371,1658671,ACTINOMYCETOTA
GCF_000755585.2,Arthrobacter_alpinus_A3,656366,ACTINOMYCETOTA
GCF_018128285.1,Atopobium_oral_taxon_416_W9116,712157,ACTINOMYCETOTA
GCF_002355535.1,Aurantimicrobium_minutum_KNC,708131,ACTINOMYCETOTA
GCF_003185725.2,Auritidibacter_NML130574,2170745,ACTINOMYCETOTA
GCF_003391095.1,Austwickia_chelonae_LK16-18,100225,ACTINOMYCETOTA
GCF_007970665.1,Baekduia_soli_BR7-21,496014,ACTINOMYCETOTA
GCF_030296655.1,Barrientosiimonas_endolithica_NBRC_110608,1535208,ACTINOMYCETOTA
GCF_000814825.1,Berryella_intestinalis_68-1-3,1531429,ACTINOMYCETOTA
GCF_000023105.1,Beutenbergia_cavernae_DSM_12333,471853,ACTINOMYCETOTA
GCF_000020425.1,Bifidobacterium_longum_sub_infantis_ATCC_15697,391904,ACTINOMYCETOTA
GCF_000284015.1,Blastococcus_saxobsidens_DD2,1146883,ACTINOMYCETOTA
GCF_001856685.1,Boudabousia_tangfeifanii_VUL4_3,1912795,ACTINOMYCETOTA
GCF_000023405.1,Brachybacterium_faecium_DSM_4810,446465,ACTINOMYCETOTA
GCF_001729525.1,Brevibacterium_aurantiacum_SMQ-1335,273384,ACTINOMYCETOTA
GCF_030297015.1,Brooklawnia_sp._SH051,3041175,ACTINOMYCETOTA
GCF_002287885.2,Candidatus_Nanopelagicus_limnes,1884634,ACTINOMYCETOTA
GCF_002287925.1,Candidatus_Planktophila_lacus,1884913,ACTINOMYCETOTA
GCF_000177615.2,Candidatus_Protofrankia_datiscae_Dg1,2716812,ACTINOMYCETOTA
GCF_001854225.1,Candidatus_Rhodoluna_planktonica_MWH-Dar1,535712,ACTINOMYCETOTA
GCF_021172045.1,Capillimicrobium_parvum_0166_1,2884022,ACTINOMYCETOTA
GCF_018326265.1,Catellatospora_IY07-71,2728827,ACTINOMYCETOTA
GCF_000024025.1,Catenulispora_acidiphila_DSM_44928,479433,ACTINOMYCETOTA
GCF_000212695.1,Cellulomonas_fimi_ATCC_484,590998,ACTINOMYCETOTA
GCF_002162335.1,Cellulosimicrobium_cellulans_PSBB019,1710,ACTINOMYCETOTA
GCF_014041995.1,Changpingibacter_yushuensis_JY-X040,2758440,ACTINOMYCETOTA
GCF_029637705.1,Citricoccus_muralis_P2,169134,ACTINOMYCETOTA
GCF_000069225.1,Clavibacter_michiganensis_sub_sepedonicus_ATCC_33113,31964,ACTINOMYCETOTA
GCF_002096055.1,Cnuibacter_physcomitrellae_XAT,1619308,ACTINOMYCETOTA
GCF_003856815.1,Collinsella_aerofaciens_C11,74426,ACTINOMYCETOTA
GCF_000025265.1,Conexibacter_woesei_DSM_14684,469383,ACTINOMYCETOTA
GCF_000195315.1,Coriobacterium_glomerans_PW2,700015,ACTINOMYCETOTA
GCF_001457455.1,Corynebacterium_diphtheriae_NCTC11397,1717,ACTINOMYCETOTA
GCF_000011325.1,Corynebacterium_glutamicum_ATCC_13032,196627,ACTINOMYCETOTA
GCF_023499255.1,Couchioplanes_caeruleus_TL65,56438,ACTINOMYCETOTA
GCF_030064675.1,Crossiella_CA-258035,2981138,ACTINOMYCETOTA
GCF_001679725.1,Cryobacterium_arcticum_PAMC_27867,670052,ACTINOMYCETOTA
GCF_000023845.1,Cryptobacterium_curtum_DSM_15641,469378,ACTINOMYCETOTA
GCF_017909455.1,Curtobacterium_flaccumfaciens_pv._flaccumfaciens_BRIP_70614,138532,ACTINOMYCETOTA
GCF_000008345.1,Cutibacterium_acnes_KPA171202,267747,ACTINOMYCETOTA
GCF_025264705.1,Dactylosporangium_aurantiacum_NRRL_B-8018,35754,ACTINOMYCETOTA
GCF_030296675.1,Demequina_sediminis_NBRC_112286,1930058,ACTINOMYCETOTA
GCF_001643775.1,Denitrobacterium_detoxificans_NPOH1,79604,ACTINOMYCETOTA
GCF_001678905.1,Dermabacter_vaginalis_AD1-86,1630135,ACTINOMYCETOTA
GCF_000725405.1,Dermacoccus_nishinomiyaensis_M25,1274,ACTINOMYCETOTA
GCF_020715685.1,Dermatobacter_hominis_Kera-3,2884263,ACTINOMYCETOTA
GCF_900187045.1,Dermatophilus_congolensis_NCTC13039,1863,ACTINOMYCETOTA
GCF_900070355.1,Devriesea_agamarum_IMP2,472569,ACTINOMYCETOTA
GCF_009755725.1,Diaminobutyricimonas_LJ205,2683590,ACTINOMYCETOTA
GCF_001659785.1,Dietzia_timorensis_ID05-A0528,499555,ACTINOMYCETOTA
GCF_000024265.1,Eggerthella_lenta_DSM_2243,479437,ACTINOMYCETOTA
GCF_004322855.1,Egibacter_rhizosphaerae_EGI_80759,1670831,ACTINOMYCETOTA
GCF_004300825.1,Egicoccus_halophilus_EGI_80432,1670830,ACTINOMYCETOTA
GCF_009834025.1,Epidermidibacterium_keratini_EPI-7,1891644,ACTINOMYCETOTA
GCF_003344865.1,Euzebya_pacifica_DY32-46,1608957,ACTINOMYCETOTA
GCF_016026575.1,Fannyhessea_vaginae_FDAARGOS_934,82135,ACTINOMYCETOTA
GCF_003952265.1,Flaviflexus_salsibiostraticola_KCTC_33148,1282737,ACTINOMYCETOTA
GCF_000058485.1,Frankia_alni_ACN14a,326424,ACTINOMYCETOTA
GCF_014217665.1,Frigoribacterium_NBH87,2596916,ACTINOMYCETOTA
GCF_001577365.1,Frondihabitans_PAMC_28766_SR6,1795630,ACTINOMYCETOTA
GCF_000159155.2,Gardnerella_vaginalis_ATCC_14019,525284,ACTINOMYCETOTA
GCA_014218215.1,Geodermatophilaceae_bacterium_NBWT11,2596920,ACTINOMYCETOTA
GCF_000025345.1,Geodermatophilus_obscurus_DSM_43160,526225,ACTINOMYCETOTA
GCF_003710105.1,Georgenia_faecalis_ZLJ0423,2483799,ACTINOMYCETOTA
GCF_012277275.1,Gephyromycinifex_aptenodytis_NJES-13,2716227,ACTINOMYCETOTA
GCF_030866825.1,Glaciibacter_superstes_SW19,501023,ACTINOMYCETOTA
GCF_014217685.1,Glaciihabitans_INWT7,2596912,ACTINOMYCETOTA
GCF_002871945.2,Gleimia_hominis_UMB0859,595468,ACTINOMYCETOTA
GCF_000197735.1,Glutamicibacter_arilaitensis_Re117,861360,ACTINOMYCETOTA
GCF_000143885.2,Gordonia_KTR9,337191,ACTINOMYCETOTA
GCF_900199375.1,Gordonibacter_urolithinfaciens_DSM_27213T,1335613,ACTINOMYCETOTA
GCF_003627055.1,Gryllotalpicola_protaetiae_2DFW10M-5,2419771,ACTINOMYCETOTA
GCF_003010915.2,Gulosibacter_molinativorax_ON4,256821,ACTINOMYCETOTA
GCF_033106145.1,Helcobacillus_massiliensis_UMB10441,521392,ACTINOMYCETOTA
GCF_013113715.1,Herbiconiux_SALV-R1,2735133,ACTINOMYCETOTA
GCF_027912415.1,Homoserinibacter_YIM_151385,2985506,ACTINOMYCETOTA
GCF_000214175.1,Hoyosella_subflava_DQS3-9A1,443218,ACTINOMYCETOTA
GCA_003347035.1,Humibacter_BT305,2282656,ACTINOMYCETOTA
GCF_028532485.1,Iamia_majanohamensis_DSM_19957,467976,ACTINOMYCETOTA
GCF_000348785.1,Ilumatobacter_coccineus_YM16-304,1313172,ACTINOMYCETOTA
GCF_000184685.1,Intrasporangium_calvum_DSM_43043,710696,ACTINOMYCETOTA
GCF_000215105.1,Isoptericola_variabilis_225,743718,ACTINOMYCETOTA
GCF_001889125.1,Janibacter_indicus_YFY001,857417,ACTINOMYCETOTA
GCF_023516435.1,Jatrophihabitans_telluris_N237,2038343,ACTINOMYCETOTA
GCF_900105925.1,Jiangella_alkaliphila_DSM_45079,419479,ACTINOMYCETOTA
GCF_000024065.1,Jonesia_denitrificans_DSM_20603,471856,ACTINOMYCETOTA
GCF_001302585.1,Kibdelosporangium_phytohabitans_KLBMP1111,860235,ACTINOMYCETOTA
GCF_000017305.1,Kineococcus_radiotolerans_SRS30216_ATCC_BAA-149,266940,ACTINOMYCETOTA
GCA_020881835.1,Kineosporiaceae_bacterium_SCSIO_59966,2730919,ACTINOMYCETOTA
GCF_000269985.1,Kitasatospora_setae_KM-6054,452652,ACTINOMYCETOTA
GCF_000010285.1,Kocuria_rhizophila_DC2201,378753,ACTINOMYCETOTA
GCF_000024345.1,Kribbella_flavida_DSM_17836,479435,ACTINOMYCETOTA
GCF_000525635.1,Kutzneria_albida_DSM_43870,1449976,ACTINOMYCETOTA
GCF_000023925.1,Kytococcus_sedentarius_DSM_20547,478801,ACTINOMYCETOTA
GCF_000024225.1,Lancefieldella_parvula_DSM_20469,521095,ACTINOMYCETOTA
GCF_001281505.1,Lawsonella_clevelandensis_X1698,1528099,ACTINOMYCETOTA
GCF_000470775.1,Leifsonia_xyli_sub_cynodontis_DSM_46306,1389489,ACTINOMYCETOTA
GCF_001701025.1,Lentzea_guizhouensis_DHS_C013,1586287,ACTINOMYCETOTA
GCF_023168405.1,Leptogranulimonas_caecicola_TOC12,2894156,ACTINOMYCETOTA
GCF_004208635.1,Leucobacter_triazinivorans_JW-1,1784719,ACTINOMYCETOTA
GCF_009429125.1,Luteimicrobium_xylanilyticum_HY-24,1133546,ACTINOMYCETOTA
GCF_001190945.1,Luteipulveratus_mongoliensis_MN07-A0370,571913,ACTINOMYCETOTA
GCF_029760935.1,Lysinibacter_HNR,3031408,ACTINOMYCETOTA
GCF_009930795.1,Marisediminicola_antarctica_ZS314,674079,ACTINOMYCETOTA
GCF_031656915.1,Marmoricola_solisilvae_YR1,1542737,ACTINOMYCETOTA
GCA_020535405.1,Microbacteriaceae_bacterium_SG_E_30_P1,2880260,ACTINOMYCETOTA
GCF_000202635.1,Microbacterium_testaceum_StLB037,979556,ACTINOMYCETOTA
GCF_002355395.1,Microcella_alkaliphila_JAM-AC0309,279828,ACTINOMYCETOTA
GCF_000023205.1,Micrococcus_luteus_NCTC_2665,465515,ACTINOMYCETOTA
GCF_000270245.1,Microlunatus_phosphovorus_NM-1,1032480,ACTINOMYCETOTA
GCF_000145235.1,Micromonospora_aurantiaca_ATCC_27029,644283,ACTINOMYCETOTA
GCF_900289045.1,Micropruina_glycogenica,75385,ACTINOMYCETOTA
GCF_001542775.1,Microterricola_viridarii_ERGS5_02,412690,ACTINOMYCETOTA
GCF_018141525.1,Miltoncostaea_marina_SCSIO_60955,2843215,ACTINOMYCETOTA
GCF_003074035.1,Miniimonas_S16,2171623,ACTINOMYCETOTA
GCF_000196535.1,Mobiluncus_curtisii_ATCC_43063,548479,ACTINOMYCETOTA
GCF_000306785.1,Modestobacter_marinus_BC501,477641,ACTINOMYCETOTA
GCF_014127285.1,Mumia_ZJ1417,2708082,ACTINOMYCETOTA
GCF_003065425.1,Mycetocola_zhujimingii_CGMCC_1.16372,2079792,ACTINOMYCETOTA
GCF_000007865.1,Mycobacterium_avium_sub_paratuberculosis_K-10,262316,ACTINOMYCETOTA
GCF_000195855.1,Mycobacterium_leprae_TN,272631,ACTINOMYCETOTA
GCF_000018345.1,Mycobacterium_marinum_M,216594,ACTINOMYCETOTA
GCF_000195955.2,Mycobacterium_tuberculosis_H37Rv,83332,ACTINOMYCETOTA
GCF_000013925.1,Mycobacterium_ulcerans_Agy99,362242,ACTINOMYCETOTA
GCF_000069185.1,Mycobacteroides_abscessus_ATCC_19977,561007,ACTINOMYCETOTA
GCF_010731835.1,Mycolicibacillus_koreensis_JCM_19956,1069220,ACTINOMYCETOTA
GCF_000214155.1,Mycolicibacter_sinensis_JDM601,875328,ACTINOMYCETOTA
GCF_000015005.1,Mycolicibacterium_smegmatis_MC2_155,246196,ACTINOMYCETOTA
GCF_030296595.1,Naasia_aerilata_NBRC_108725,1162966,ACTINOMYCETOTA
GCF_000024365.1,Nakamurella_multipartita_DSM_44233,479431,ACTINOMYCETOTA
GCF_015240065.1,Nanchangia_anserum_C64,2692125,ACTINOMYCETOTA
GCF_016925535.1,Natronoglycomyces_albus_DSM_106290,2811108,ACTINOMYCETOTA
GCF_016925615.1,Natronosporangium_hydrolyticum_DSM_106523,2811111,ACTINOMYCETOTA
GCF_001887245.1,Neomicrococcus_aestuarii_B18,556325,ACTINOMYCETOTA
GCF_019575955.1,Nesterenkonia_pannonica_DSM_29786,1548602,ACTINOMYCETOTA
GCF_000250675.2,Nocardia_brasiliensis_ATCC_700358_HUJEG-1,1133849,ACTINOMYCETOTA
GCF_000015265.1,Nocardioides_JS614,196162,ACTINOMYCETOTA
GCF_000294515.1,Nocardiopsis_alba_ATCC_BAA-2165,1205910,ACTINOMYCETOTA
GCF_002057455.1,Nonomuraea_ATCC_55076,1909395,ACTINOMYCETOTA
GCF_009708215.1,Occultella_kanbiaonis_HY044,2675754,ACTINOMYCETOTA
GCF_005937995.2,Oerskovia_KBS0722,1179673,ACTINOMYCETOTA
GCF_000143845.1,Olsenella_uli_DSM_7084,633147,ACTINOMYCETOTA
GCF_003351765.1,Ornithinimicrobium_avium_AMA3305,2283195,ACTINOMYCETOTA
GCF_000014925.1,Paenarthrobacter_aurescens_TC1_ATCC_BAA-1386,290340,ACTINOMYCETOTA
GCF_019285735.1,Paeniglutamicibacter_Y32M11,2853258,ACTINOMYCETOTA
GCF_024220175.1,Paraconexibacter_antarcticus_02-257,2949664,ACTINOMYCETOTA
GCF_030296575.1,Paraoerskovia_sediminicola_NBRC_108565,1138587,ACTINOMYCETOTA
GCF_001042675.1,Parascardovia_denticolens_DSM_10105_JCM_12538,864564,ACTINOMYCETOTA
GCF_003966955.1,Parolsenella_catena_JCM_31932,2003188,ACTINOMYCETOTA
GCA_024666565.1,Parviterribacteraceae_bacterium_J379,2898438,ACTINOMYCETOTA
GCF_017569225.1,Pengzhenrongella_sicca_LRZ-2,2819238,ACTINOMYCETOTA
GCF_003258605.2,Peterkaempfera_bronchialis_DSM_106435,2126346,ACTINOMYCETOTA
GCF_900169485.1,Phoenicibacter_congonensis_Marseille-P3241,1944646,ACTINOMYCETOTA
GCF_014395645.1,Phycicoccus_endophyticus_JCM_31784,1690220,ACTINOMYCETOTA
GCF_011764545.1,Phytohabitans_flavus_NBRC_107702,1076124,ACTINOMYCETOTA
GCF_000785495.1,Pimelobacter_simplex_VKM_Ac-2033D,2045,ACTINOMYCETOTA
GCF_003030385.1,Plantactinospora_BB1,2071627,ACTINOMYCETOTA
GCF_003856975.1,Plantibacter_sp._PA-3-X8,2480625,ACTINOMYCETOTA
GCF_018324255.1,Polymorphospora_rubra_NBRC_101157,338584,ACTINOMYCETOTA
GCF_002950575.1,Pontimonas_salivibrio_CL-TW6,1159327,ACTINOMYCETOTA
GCF_002240355.1,Prauserella_marina_DSM_45268,530584,ACTINOMYCETOTA
GCF_003013675.1,Prescottella_equi_DSSKP-R-001,43767,ACTINOMYCETOTA
GCF_000940845.1,Propionibacterium_freudenreichii_sub_freudenreichii_20271T,66712,ACTINOMYCETOTA
GCF_011393335.1,Propioniciclava_coleopterorum_HDW11,2714937,ACTINOMYCETOTA
GCF_030286045.1,Propionimicrobium_PCR01-08-3,3052086,ACTINOMYCETOTA
GCF_003627075.1,Protaetiibacter_intestinalis_2DFWR-13,2419774,ACTINOMYCETOTA
GCF_009660225.1,Pseudactinotalea_HY158,2654547,ACTINOMYCETOTA
GCF_000022025.1,Pseudarthrobacter_chlorophenolicus_A6,452863,ACTINOMYCETOTA
GCF_916618895.1,Pseudoclavibacter_Marseille-Q3772,2866588,ACTINOMYCETOTA
GCF_000166135.1,Pseudofrankia_inefficax_EuI1c,298654,ACTINOMYCETOTA
GCF_002871855.1,Pseudoglutamicibacter_albus_UMB0715,98671,ACTINOMYCETOTA
GCF_003945385.1,Pseudonocardia_autotrophica_NBRC_12743,2074,ACTINOMYCETOTA
GCF_000950575.1,Psychromicrobium_lacuslunae_IHBB_11108,1618207,ACTINOMYCETOTA
GCF_009646095.1,Raineyella_fluvialis_CBA3103,2662261,ACTINOMYCETOTA
GCF_022845715.1,Raoultibacter_timonensis_CE91-St30,1907662,ACTINOMYCETOTA
GCF_000875675.1,Rathayibacter_toxicus_70137,145458,ACTINOMYCETOTA
GCF_000018885.1,Renibacterium_salmoninarum_ATCC_33209,288705,ACTINOMYCETOTA
GCF_000014565.1,Rhodococcus_jostii_RHA1,101510,ACTINOMYCETOTA
GCF_000699505.1,Rhodoluna_lacicola_MWH-Ta8,529884,ACTINOMYCETOTA
GCF_000164695.2,Rothia_dentocariosa_ATCC_17931,762948,ACTINOMYCETOTA
GCF_014960965.1,Ruania_alkalisoli_RN3S43,2779775,ACTINOMYCETOTA
GCF_000014185.1,Rubrobacter_xylanophilus_DSM_9941,266117,ACTINOMYCETOTA
GCF_000023865.1,Saccharomonospora_viridis_DSM_43017,471857,ACTINOMYCETOTA
GCF_000062885.1,Saccharopolyspora_erythraea_NRRL_2338,405948,ACTINOMYCETOTA
GCF_000328705.1,Saccharothrix_espanaensis_DSM_44229,1179773,ACTINOMYCETOTA
GCF_004118935.1,Salinibacterium_UTAS2018,2508880,ACTINOMYCETOTA
GCF_000016425.1,Salinispora_tropica_CNB-440,369723,ACTINOMYCETOTA
GCF_000024925.1,Sanguibacter_keddieii_DSM_10542,446469,ACTINOMYCETOTA
GCF_001042695.1,Scardovia_inopinata_JCM_12537,1150468,ACTINOMYCETOTA
GCF_001262055.1,Schaalia_meyeri_W712,52773,ACTINOMYCETOTA
GCF_000092825.1,Segniliparus_rotundus_DSM_44985,640132,ACTINOMYCETOTA
GCF_001685415.1,Serinicoccus_hydrothermalis_JLT9,1758689,ACTINOMYCETOTA
GCF_001577305.1,Sinomonas_atrocyanea_KCTC_3377,37927,ACTINOMYCETOTA
GCF_019285775.1,Skermania_piniformis_DSM_43998,39122,ACTINOMYCETOTA
GCF_000023885.1,Slackia_heliotrinireducens_DSM_20476,471855,ACTINOMYCETOTA
GCF_018437505.1,Spiractinospora_alimapuensis_VN6-2,2820884,ACTINOMYCETOTA
GCF_000024545.1,Stackebrandtia_nassauensis_DSM_44728,446470,ACTINOMYCETOTA
GCF_014084105.1,Streptacidiphilus_P02-A3a,2704468,ACTINOMYCETOTA
GCF_000237305.1,Streptantibioticus_cattleyicolor_NRRL_8057_DSM_46488,1003195,ACTINOMYCETOTA
GCF_004323735.1,Streptomonospora_litoralis_M2,2498135,ACTINOMYCETOTA
GCF_008931305.1,Streptomyces_coelicolor_A3_2_CFB_NBC_0001,100226,ACTINOMYCETOTA
GCF_000010605.1,Streptomyces_griseus_sub_griseus_NBRC_13350,455632,ACTINOMYCETOTA
GCF_000024865.1,Streptosporangium_roseum_DSM_43021,479432,ACTINOMYCETOTA
GCF_021044565.1,Subtercola_endophyticus_AK-R2A1-2,2895559,ACTINOMYCETOTA
GCF_001998865.1,Tessaracoccus_flavescens_SST-39T,399497,ACTINOMYCETOTA
GCF_009707485.1,Tetrasphaera_HKS02,1813880,ACTINOMYCETOTA
GCF_015034585.1,Thermobifida_fusca_UPMC_901,2021,ACTINOMYCETOTA
GCF_000092645.1,Thermobispora_bispora_DSM_43833,469371,ACTINOMYCETOTA
GCF_028867705.1,Thermoleophilum_album_YS-3,29539,ACTINOMYCETOTA
GCF_000024385.1,Thermomonospora_curvata_DSM_43183,471852,ACTINOMYCETOTA
GCF_015277515.1,Thermophilibacter_immobilis_LZLJ-2,2779519,ACTINOMYCETOTA
GCF_007559025.1,Tomitella_fengzijianii_HY188,2597660,ACTINOMYCETOTA
GCF_000007485.1,Tropheryma_whipplei_Twist,203267,ACTINOMYCETOTA
GCF_000612055.1,Trueperella_pyogenes_TP6375,1661,ACTINOMYCETOTA
GCF_000092225.1,Tsukamurella_paurometabola_DSM_20162,521096,ACTINOMYCETOTA
GCF_900155645.1,Vaginimicrobium_propionicum_Marseille-P3275T,1871034,ACTINOMYCETOTA
GCF_943169825.2,Varibaculum_prostatecancerukia_EMRHCC_39,2811781,ACTINOMYCETOTA
GCF_002860645.2,Winkia_neuii_UMB0125,33007,ACTINOMYCETOTA
GCF_017945865.1,Xiamenia_xianingshaonis_zg-886,2682776,ACTINOMYCETOTA
GCF_000024965.1,Xylanimonas_cellulosilytica_DSM_15894,446471,ACTINOMYCETOTA
GCF_017654605.1,Yimella_cx-51,2770551,ACTINOMYCETOTA
GCF_021165735.1,Yinghuangia_ASG_101,2896848,ACTINOMYCETOTA
GCF_000008625.1,Aquifex_aeolicus_VF5,224324,AQUIFICOTA
GCF_000191045.1,Desulfurobacterium_thermolithotrophum_DSM_11699,868864,AQUIFICOTA
GCF_000164905.1,Hydrogenobacter_thermophilus_TK-6,608538,AQUIFICOTA
GCF_000213785.1,Hydrogenobaculum_sp._3684,547143,AQUIFICOTA
GCF_000021565.1,Persephonella_marina_EX-H1,123214,AQUIFICOTA
GCF_000021545.1,Sulfurihydrogenibium_azorense_Az-Fu1,204536,AQUIFICOTA
GCF_000025605.1,Thermocrinis_albus_DSM_14484,638303,AQUIFICOTA
GCF_001547735.1,Thermosulfidibacter_takaii_ABI70S6,1298851,AQUIFICOTA
GCF_000185805.1,Thermovibrio_ammonificans_HB-1,648996,AQUIFICOTA
GCF_013267415.1,Abiotrophia_defectiva_FDAARGOS_785,46125,BACILLI
GCF_001989575.1,Abyssicoccus_albus_S31,1817405,BACILLI
GCF_004359375.1,Acetilactobacillus_jinshanensis_HSLZ-75,1720083,BACILLI
GCF_002243625.1,Aeribacillus_pallidus_KCTC3564,33936,BACILLI
GCF_000193205.1,Aerococcus_Group_1_ACS-120-V-Col10a,2976812,BACILLI
GCF_000219875.1,Alicyclobacillus_acidocaldarius_sub_acidocaldarius_Tc-4-1,1048834,BACILLI
GCA_001719185.1,Alkalicoccobacillus_gibsonii_FJAT-10019,79881,BACILLI
GCF_022812285.1,Alkalihalobacillus_sp._LMS39,2924032,BACILLI
GCF_000005825.2,Alkalihalophilus_pseudofirmus_OF4,398511,BACILLI
GCF_028743495.1,Allobacillus_halotolerans_BCRC_17939,570278,BACILLI
GCF_000307165.1,Amphibacillus_xylanus_NBRC_15112,698758,BACILLI
GCF_001936335.1,Amylolactobacillus_amylophilus_DSM_20533_JCM_1125,1423721,BACILLI
GCF_001866075.3,Anaerobacillus_isosaccharinicus_NB2006,1532552,BACILLI
GCF_002355375.1,Aneurinibacillus_soli_CB4,1500254,BACILLI
GCF_000019045.1,Anoxybacillus_flavithermus_WK1,491915,BACILLI
GCF_019575995.1,Apilactobacillus_kunkeei_DSMZ_12361,148814,BACILLI
GCF_000007845.1,Bacillus_anthracis_Ames,198094,BACILLI
GCF_000007825.1,Bacillus_cereus_ATCC_14579,226900,BACILLI
GCF_000008425.1,Bacillus_licheniformis_DSM_13_ATCC_14580,279010,BACILLI
GCF_000093085.1,Bacillus_selenitireducens_MLS10,439292,BACILLI
GCF_000009045.1,Bacillus_subtilis_sub_subtilis_168,224308,BACILLI
GCF_000338755.1,Bacillus_thuringiensis_serovar_kurstaki_HD73,1279365,BACILLI
GCF_003522965.1,Bombilactobacillus_bombi_BI-2.5,1303590,BACILLI
GCF_000010165.1,Brevibacillus_brevis_NBRC_100599,358681,BACILLI
GCF_002381265.1,Brochothrix_thermosphacta_BI,2756,BACILLI
GCF_019856495.1,Caldalkalibacillus_thermarum_TA2.A1,986075,BACILLI
GCF_003096215.1,Caldibacillus_thermoamylovorans_SSBM,35841,BACILLI
GCA_023639215.1,Candidatus_Pristimantibacillus_lignocellulolyticus,2994561,BACILLI
GCF_000317975.2,Carnobacterium_maltaromaticum_LMA28,1234679,BACILLI
GCF_003713065.1,Cohnella_candidum_18JY8-7,2674991,BACILLI
GCF_002849895.1,Companilactobacillus_alimentarius_DSM_20249,1423720,BACILLI
GCF_018582665.1,Cytobacillus_gottheilii_1839,859144,BACILLI
GCF_030126965.1,Desemzia_incerta_EGm139,82801,BACILLI
GCF_017655965.1,Dolosigranulum_pigrum_KPL3911,29394,BACILLI
GCF_032341995.1,Domibacillus_DTU_2020_1001157_1_SI_ALB_TIR_016,3077789,BACILLI
GCF_023022965.1,Ectobacillus_JY-23,2933872,BACILLI
GCF_015097055.1,Effusibacillus_dendaii_skT53,2743772,BACILLI
GCF_000007785.1,Enterococcus_faecalis_V583,226185,BACILLI
GCF_000177235.2,Evansella_cellulosilytica_DSM_2522,649639,BACILLI
GCF_000019905.1,Exiguobacterium_sibiricum_255-15,262543,BACILLI
GCF_026547225.1,Fervidibacillus_albus_MEBiC13591,2980026,BACILLI
GCF_001629705.1,Fictibacillus_phosphorivorans_G25-29,1221500,BACILLI
GCF_023704295.1,Floricoccus_penangensis_ML061-4,1859475,BACILLI
GCF_009496975.1,Fructilactobacillus_sanfranciscensis_LS451,1625,BACILLI
GCF_024029775.1,Fructobacillus_americanaquae_KI3_B9,2940302,BACILLI
GCF_024661895.1,Fundicoccus_culcitae_DM20194951,2969821,BACILLI
GCF_013394005.1,Furfurilactobacillus_rossiae_L1,231049,BACILLI
GCF_900638055.1,Gemella_haemolysans_NCTC10459,1379,BACILLI
GCF_000009785.1,Geobacillus_kaustophilus_HTA426,235909,BACILLI
GCF_002847845.2,Globicatella_sanguinis_UMB0514,13076,BACILLI
GCF_023115465.1,Gottfriedia_acidiceleris_LH14,371036,BACILLI
GCF_009650095.1,Gracilibacillus_salitolerans_SCU50,2663022,BACILLI
GCF_019931005.1,Granulicatella_adiacens_FDAARGOS_1477,46124,BACILLI
GCF_002109385.1,Halalkalibacter_krulwichiae_AM31D,199441,BACILLI
GCF_000011145.1,Halalkalibacterium_halodurans_C-125,272558,BACILLI
GCF_000284515.1,Halobacillus_halophilus_DSM_2266,866895,BACILLI
GCF_000832905.1,Heyndrickxia_coagulans_DSM_1_ATCC_7050,1121088,BACILLI
GCF_019645935.1,Hydrogenibacillus_N12,2866627,BACILLI
GCF_023195815.2,Ignavigranum_ruoffiae_CPL_242382-20,89093,BACILLI
GCF_002005405.1,Jeotgalibaca_dankookensis_EX-07,708126,BACILLI
GCF_000818095.1,Jeotgalibacillus_malaysiensis,1508404,BACILLI
GCF_000756715.1,Jeotgalicoccus_saudimassiliensis_13MG44,1461582,BACILLI
GCF_013282215.1,Kroppenstedtia_eburnea_DSM_45196,714067,BACILLI
GCF_900637935.1,Kurthia_zopfii_NCTC404,1650,BACILLI
GCF_000092905.1,Kyrpidia_tusciae_DSM_2912,562970,BACILLI
GCA_002893785.1,Laceyella_sacchari_FBKL4.010,37482,BACILLI
GCF_000011045.1,Lacticaseibacillus_rhamnosus_GG_ATCC_53103,568703,BACILLI
GCF_000338115.2,Lactiplantibacillus_plantarum_ZJ316,1284663,BACILLI
GCF_000011985.1,Lactobacillus_acidophilus_NCFM,272621,BACILLI
GCF_000006865.1,Lactococcus_lactis_sub_lactis_Il1403,272623,BACILLI
GCF_008831385.1,Lapidilactobacillus_dextrinicus_LH506,51664,BACILLI
GCF_009676365.1,Latilactobacillus_sakei_CBA3614,1599,BACILLI
GCF_900478165.1,Lederbergia_lenta_NCTC4824,1467,BACILLI
GCF_001307805.1,Lentibacillus_amyloliquefaciens_LAM0015,1472767,BACILLI
GCF_018314255.1,Lentilactobacillus_buchneri_ATCC_4005,1581,BACILLI
GCF_000092505.1,Leuconostoc_kimchii_IMSNU_11154,762051,BACILLI
GCF_003813165.1,Levilactobacillus_brevis_LMT1-73,1580,BACILLI
GCF_900094615.1,Ligilactobacillus_salivarius,1624,BACILLI
GCF_000016825.1,Limosilactobacillus_reuteri_sub_reuteri_DSM_20016,557436,BACILLI
GCF_009184705.1,Liquorilactobacillus_mali_LM596,1618,BACILLI
GCF_000195795.1,Listeria_innocua_Clip11262,272626,BACILLI
GCF_000196035.1,Listeria_monocytogenes_EGD-e,169963,BACILLI
GCF_001663675.1,Loigolactobacillus_backii_TMW_1.1989,375175,BACILLI
GCF_002982115.1,Lysinibacillus_sphaericus_DSM_28,1421,BACILLI
GCF_000010585.1,Macrococcus_caseolyticus_JCSC5402,458233,BACILLI
GCF_002209165.2,Mammaliicoccus_sciuri_FDAARGOS_285,1296,BACILLI
GCF_015482585.1,Mangrovibacillus_cuniculi_R1DC41,2593652,BACILLI
GCF_001895285.1,Marinilactibacillus_15R,1911586,BACILLI
GCF_000747585.1,Melissococcus_plutonius_S1,1385937,BACILLI
GCF_014856545.2,Mesobacillus_jeotgali_SBJS01,129985,BACILLI
GCF_009720625.1,Metabacillus_sediminilitoris_DSL-17,2567941,BACILLI
GCF_021560175.1,Neobacillus_drentensis_JC05,220684,BACILLI
GCF_013267435.1,Niallia_circulans_FDAARGOS_783,1397,BACILLI
GCF_023380205.1,Nicoliella_spurrieriana_SGEP1_A5,2925830,BACILLI
GCF_019357495.1,Nosocomiicoccus_ampullae_DSM_19163,489910,BACILLI
GCF_002005165.1,Novibacillus_thermophilus_SG-1,1471761,BACILLI
GCF_000011245.1,Oceanobacillus_iheyensis_HTE831,221109,BACILLI
GCF_000014385.1,Oenococcus_oeni_PSU-1,203123,BACILLI
GCF_006965545.2,Paenalkalicoccus_suaedae_M4U3P1,2592382,BACILLI
GCF_000164985.3,Paenibacillus_polymyxa_SC2,886882,BACILLI
GCF_003595195.1,Paenisporosarcina_cavernae_K2R23-3,2320858,BACILLI
GCF_001700985.1,Parageobacillus_thermoglucosidasius_NCIMB_11955,1426,BACILLI
GCF_003268595.1,Paraliobacillus_zengyii_X-1125,2213194,BACILLI
GCF_900015005.1,Paucilactobacillus_oligofermentans_DSM_15707,1423778,BACILLI
GCF_000237995.1,Pediococcus_claussenii_ATCC_BAA-344,701521,BACILLI
GCF_003410415.1,Peribacillus_butanolivorans_PHB-7a,421767,BACILLI
GCF_004358325.1,Periweissella_cryptocerci_26KH-42,2506420,BACILLI
GCF_001687565.2,Planococcus_antarcticus_DSM_14505,1185653,BACILLI
GCF_018326425.1,Polycladomyces_abyssicola_JIR-001,1125966,BACILLI
GCF_030166655.1,Pontibacillus_chungwhensis_HN14,265426,BACILLI
GCF_008935075.1,Pradoshia_D12,2651284,BACILLI
GCF_002688605.1,Priestia_aryabhattai_K13,412384,BACILLI
GCF_020524205.2,Pseudalkalibacillus_hwajinpoensis_KcN21-2,208199,BACILLI
GCF_008973485.1,Psychrobacillus_glaciei_PB01,2283160,BACILLI
GCF_029094525.1,Pullulanibacillus_KACC_23026,3028315,BACILLI
GCF_007301515.1,Radiobacillus_deserti_TKL69,2594883,BACILLI
GCF_009806575.1,Rossellomorea_marisflavi_151-25,189381,BACILLI
GCF_001617605.1,Rummeliibacillus_stabekisii_PP9,241244,BACILLI
GCF_006542275.1,Saccharibacillus_brassicae_ATSA2,2583377,BACILLI
GCF_003336365.1,Salicibibacter_kimchii_NKC1-1,2099786,BACILLI
GCF_001685435.2,Salimicrobium_jeotgali_MJ3,1230341,BACILLI
GCF_001005905.1,Salinicoccus_halodurans_H3B36,407035,BACILLI
GCF_024362805.1,Salipaludibacillus_LMS25,2924031,BACILLI
GCF_008694105.1,Schleiferilactobacillus_harbinensis_NSMJ42,304207,BACILLI
GCF_008033155.1,Secundilactobacillus_malefermentans_CBA3618,176292,BACILLI
GCF_017792025.1,Sediminibacillus_dalangtanensis_DP4-553-S,2729421,BACILLI
GCF_002250115.1,Shouchella_clausii_DSM_8716,79880,BACILLI
GCF_030123425.1,Siminovitchia_fortis_XLM16,254758,BACILLI
GCF_000271325.1,Solibacillus_silvestris_StLB046,1002809,BACILLI
GCF_004014985.1,Sporolactobacillus_terrae_DRG1,269673,BACILLI
GCF_001590685.1,Sporosarcina_psychrophila_DSM_6497,1476,BACILLI
GCF_000009645.1,Staphylococcus_aureus_sub_aureus_N315,158879,BACILLI
GCF_000007645.1,Staphylococcus_epidermidis_ATCC_12228,176280,BACILLI
GCF_000009865.1,Staphylococcus_haemolyticus_JCSC1435,279808,BACILLI
GCF_003856495.1,Staphylospora_marina_SCSIO_07575,2490858,BACILLI
GCF_000007265.1,Streptococcus_agalactiae_2603VR,208435,BACILLI
GCF_000271865.1,Streptococcus_mutans_GS-5,1198676,BACILLI
GCF_000006885.1,Streptococcus_pneumoniae_TIGR4_ATCC_BAA-334,170187,BACILLI
GCF_000006785.2,Streptococcus_pyogenes_M1_GAS_SF370,160490,BACILLI
GCF_000253395.1,Streptococcus_thermophilus_JIM_8232,1051074,BACILLI
GCF_003546865.1,Suicoccus_acidiformans_ZY16052,2036206,BACILLI
GCF_002250055.1,Sutcliffiella_cohnii_DSM_6307,33932,BACILLI
GCF_000725365.1,Terribacillus_goriensis_MP602,386490,BACILLI
GCF_000283615.1,Tetragenococcus_halophilus_NBRC_12172,945021,BACILLI
GCF_005886755.1,Thermoactinomyces_vulgaris_2H,2026,BACILLI
GCF_000227705.2,Thermobacillus_composti_KWC4,717605,BACILLI
GCF_002162355.1,Tumebacillus_avium_AR23208,1903704,BACILLI
GCF_002370195.2,Ureibacillus_thermosphaericus_A1,51173,BACILLI
GCF_001998885.1,Vagococcus_penaei_CD276T,633807,BACILLI
GCF_003667805.1,Virgibacillus_halodenitrificans_Bac324,1482,BACILLI
GCF_015159555.1,Viridibacillus_JNUCC-6,2779527,BACILLI
GCF_000219805.1,Weissella_koreensis_KACC_15510,1045854,BACILLI
GCF_017357865.1,Aceticella_autotrophica_3443-3Ac,2755338,CLOSTRIDIA
GCF_000015865.1,Acetivibrio_thermocellus_ATCC_27405,203119,CLOSTRIDIA
GCF_000196455.1,Acetoanaerobium_sticklandii_DSM_519,1511,CLOSTRIDIA
GCF_000247605.1,Acetobacterium_woodii_DSM_1030,931626,CLOSTRIDIA
GCF_000144695.1,Acetohalobium_arabaticum_DSM_5501,574087,CLOSTRIDIA
GCF_902729405.1,Acididesulfobacillus_acetoxydans,1561005,CLOSTRIDIA
GCF_000020605.1,Agathobacter_rectalis_ATCC_33656,515619,CLOSTRIDIA
GCF_033193315.1,Agathobaculum_NTUH-O15-33,3079302,CLOSTRIDIA
GCF_017352215.1,Alkalibacter_rhizosphaerae_ES005,2815577,CLOSTRIDIA
GCF_014467015.1,Alkalicella_caledoniensis_LB2,2731377,CLOSTRIDIA
GCF_000016985.1,Alkaliphilus_metalliredigens_QYMF,293826,CLOSTRIDIA
GCF_004103735.1,Aminipila_luticellarii_JN-18,2507160,CLOSTRIDIA
GCF_000024605.1,Ammonifex_degensii_KC4,429009,CLOSTRIDIA
GCF_029101565.1,Amygdalobacter_indicium_CHIC02_1186E3-8,3029272,CLOSTRIDIA
GCF_900209925.1,Anaerobutyricum_hallii_EH1,39488,CLOSTRIDIA
GCF_014218335.1,Anaerocolumna_cellulosilytica_SN021,433286,CLOSTRIDIA
GCF_016591975.1,Anaeromicropila_herbilytica_TB5,2785025,CLOSTRIDIA
GCF_940670685.1,Anaeropeptidivorans_aminofermentans_M39,2934315,CLOSTRIDIA
GCF_001998765.1,Anaerostipes_hadrus_BPB5,649756,CLOSTRIDIA
GCF_001561955.1,Anaerotignum_propionicum_DSM_1682_X2,991789,CLOSTRIDIA
GCF_023008305.1,Anaerotruncus_colihominis_VE303-02,169435,CLOSTRIDIA
GCF_003991135.1,Anoxybacter_fermentans_DY22613,1323375,CLOSTRIDIA
GCF_018118585.1,Aristaeella_lactis_WTE2008,3046383,CLOSTRIDIA
GCF_003691585.1,Biomaibacter_acetigenes_SK-G1,2316383,CLOSTRIDIA
GCF_002222595.2,Blautia_hansenii_DSM_20583,537007,CLOSTRIDIA
GCF_000145035.1,Butyrivibrio_proteoclasticus_B316,515622,CLOSTRIDIA
GCF_000007085.1,Caldanaerobacter_subterraneus_sub_tengcongensis_MB4,273068,CLOSTRIDIA
GCF_000016545.1,Caldicellulosiruptor_saccharolyticus_DSM_8903,351627,CLOSTRIDIA
GCF_025999835.1,Caldinitratiruptor_microaerophilus_JCM_16183,671077,CLOSTRIDIA
GCF_006016075.1,Caloramator_E03,2576307,CLOSTRIDIA
GCF_030166575.1,Caminicella_sporogenes_HV-G,166485,CLOSTRIDIA
GCF_000270205.1,Candidatus_Arthromitus_SFB-mouse-Japan,1029718,CLOSTRIDIA
GCF_000018425.1,Candidatus_Desulforudis_audaxviator_MP104C,477974,CLOSTRIDIA
GCF_002777255.1,Candidatus_Formimonas_warabiya_DCMF,1761012,CLOSTRIDIA
GCA_902809825.1,Candidatus_Hydrogenisulfobacillus_filiaventi,2707344,CLOSTRIDIA
GCF_009734445.1,Candidatus_Syntrophocurvum_alkaliphilum,2293317,CLOSTRIDIA
GCF_014303955.1,Caproicibacter_fermentans_7D4C2,2576756,CLOSTRIDIA
GCF_014467055.1,Caproicibacterium_amylolyticum_LBM18003,2766537,CLOSTRIDIA
GCF_004103755.1,Caproiciproducens_NJN-50,2507162,CLOSTRIDIA
GCA_003054495.1,Carboxydocella_thermautotrophica_41,178899,CLOSTRIDIA
GCF_000012865.1,Carboxydothermus_hydrogenoformans_Z-2901,246194,CLOSTRIDIA
GCF_000178835.2,Cellulosilyticum_lentocellum_DSM_5427,642492,CLOSTRIDIA
GCF_030067835.1,Chakrabartyella_piscis_BP5G,2918914,CLOSTRIDIA
GCF_019355395.1,Chordicoccus_furentiruminis_MP1D12,2709410,CLOSTRIDIA
GCF_003628755.1,Christensenella_minuta_DSM_22607,626937,CLOSTRIDIA
GCF_020892095.1,Claveliimonas_bilis_c-25,3028070,CLOSTRIDIA
GCF_000009205.2,Clostridioides_difficile_630,272563,CLOSTRIDIA
GCF_000008765.1,Clostridium_acetobutylicum_ATCC_824,272562,CLOSTRIDIA
GCF_000063585.1,Clostridium_botulinum_A_ATCC_3502,413999,CLOSTRIDIA
GCA_000953215.1,Clostridium_cellulosi,29343,CLOSTRIDIA
GCF_940677205.1,Clostridium_colinum_DSM_6011,36835,CLOSTRIDIA
GCF_000013285.1,Clostridium_perfringens_ATCC_13124,195103,CLOSTRIDIA
GCF_000144625.1,Clostridium_saccharolyticum_WM1,610130,CLOSTRIDIA
GCF_000007625.1,Clostridium_tetani_E88_Massachusetts,212717,CLOSTRIDIA
GCF_016904155.1,Coprococcus_comes_FDAARGOS_1339,410072,CLOSTRIDIA
GCF_019203185.1,Crassaminicella_indica_143-21,2855394,CLOSTRIDIA
GCF_000305815.1,Dehalobacter_CF,1131462,CLOSTRIDIA
GCF_002224645.1,Dehalobacterium_formicoaceticum_DMC,51515,CLOSTRIDIA
GCF_000010045.1,Desulfitobacterium_hafniense_Y51,138119,CLOSTRIDIA
GCF_000024205.1,Desulfofarcimen_acetoxidans_DSM_771,485916,CLOSTRIDIA
GCF_000215085.1,Desulforamulus_ruminis_DSM_2154,696281,CLOSTRIDIA
GCF_000233715.2,Desulfoscipio_gibsoniae_DSM_7213,767817,CLOSTRIDIA
GCF_000235605.1,Desulfosporosinus_orientis_DSM_765,768706,CLOSTRIDIA
GCF_000214435.1,Desulfotomaculum_nigrificans_CO-1-SRB,868595,CLOSTRIDIA
GCF_025150245.1,Dorea_formicigenerans_ATCC_27755,39486,CLOSTRIDIA
GCF_005121165.3,Dysosmobacter_welbionis_J115,2093857,CLOSTRIDIA
GCF_022845775.1,Emergencia_timonensis_CE91-St48,1776384,CLOSTRIDIA
GCF_002234575.2,Enterocloster_bolteae_ATCC_BAA-613,208479,CLOSTRIDIA
GCF_000178115.2,Ethanoligenens_harbinense_YUAN-3,663278,CLOSTRIDIA
GCF_000152245.2,Eubacterium_callanderi_KIST612,53442,CLOSTRIDIA
GCF_000146185.1,Eubacterium_eligens_ATCC_27750,515620,CLOSTRIDIA
GCA_003433295.1,Eubacterium_minutum_ATCC_700079,888721,CLOSTRIDIA
GCA_025150425.1,Eubacterium_siraeum_DSM_15702,39492,CLOSTRIDIA
GCF_002734145.1,Faecalibacterium_prausnitzii_A2165,853,CLOSTRIDIA
GCF_002998295.1,Fastidiosipila_sanguinis_CCUG_47711,236753,CLOSTRIDIA
GCF_023347705.1,Fenollaria_massiliensis_C0061C2,938288,CLOSTRIDIA
GCF_000163895.2,Filifactor_alocis_ATCC_35896,546269,CLOSTRIDIA
GCF_001688625.2,Flavonifractor_plautii_YL31,292800,CLOSTRIDIA
GCF_008727735.1,Flintibacter_KGMB00164,2610895,CLOSTRIDIA
GCF_019668485.1,Gelria_Kuro-4,2796927,CLOSTRIDIA
GCF_001750685.1,Geosporobacter_ferrireducens_IRF9,1424294,CLOSTRIDIA
GCF_000166415.1,Halanaerobium_hydrogeniformans_sapolanicus,656519,CLOSTRIDIA
GCF_000328625.1,Halobacteroides_halobius_DSM_5150,748449,CLOSTRIDIA
GCF_003953885.1,Halocella_SP3-1,2382161,CLOSTRIDIA
GCF_000020485.1,Halothermothrix_orenii_H_168,373903,CLOSTRIDIA
GCF_901482605.1,Hathewaya_histolytica_NCTC503,1498,CLOSTRIDIA
GCF_000019165.1,Heliomicrobium_modesticaldum_Ice1_ATCC_51547,498761,CLOSTRIDIA
GCF_009649955.1,Heliorestis_convoluta_HH,356322,CLOSTRIDIA
GCF_900070325.1,Herbinix_luporum_SD1D,1679721,CLOSTRIDIA
GCF_025149285.1,Hungatella_hathewayi_DSM_13479,154046,CLOSTRIDIA
GCF_032769475.1,Intestinibacillus_NTUH-41-i26,3079303,CLOSTRIDIA
GCF_001454945.1,Intestinimonas_butyriciproducens_AF211,1297617,CLOSTRIDIA
GCF_017751145.1,Iocasia_fonsfrigidae_NS-1,2682810,CLOSTRIDIA
GCF_030863805.1,Kineothrix_MB12-C1,3070215,CLOSTRIDIA
GCF_017301615.1,Koleobacter_methoxysyntrophicus_NRmbB1,2751313,CLOSTRIDIA
GCF_003589745.1,Lachnoanaerobaculum_umeaense_DSM_23576,617123,CLOSTRIDIA
GCF_000018685.1,Lachnoclostridium_phytofermentans_ISDg,357809,CLOSTRIDIA
GCF_022453915.1,Lawsonibacter_asaccharolyticus_OA10,2108523,CLOSTRIDIA
GCF_000025225.2,Mageeibacillus_indolicus_UPII9-5,699246,CLOSTRIDIA
GCF_000213255.1,Mahella_australiensis_50-1_BON,697281,CLOSTRIDIA
GCF_900604345.1,Maliibacterium_massiliense_Marseille-P3954,2086585,CLOSTRIDIA
GCF_025148285.1,Marvinbryantia_formatexigens_DSM_14469,478749,CLOSTRIDIA
GCF_900312975.1,Massilistercora_timonensis_Marseille-P3756,2086584,CLOSTRIDIA
GCF_002998925.1,Mogibacterium_diversum_CCUG_47132,114527,CLOSTRIDIA
GCF_001267435.1,Moorella_thermoacetica_DSM_2955,1525,CLOSTRIDIA
GCF_000020005.1,Natranaerobius_thermophilus_JWNM-WN-LF,457570,CLOSTRIDIA
GCF_022539405.1,Natranaerofaba_carboxydovora_ANCO1,2742683,CLOSTRIDIA
GCF_018866245.1,Novisyntrophococcus_fermenticellae_JN500902,2068655,CLOSTRIDIA
GCF_027938815.1,Oceanirhabdus_W0125-5,2999116,CLOSTRIDIA
GCF_002865995.1,Paeniclostridium_sordellii_AM370,1505,CLOSTRIDIA
GCF_030908625.1,Paludicola_MB14-C6,3070656,CLOSTRIDIA
GCF_019916025.1,Paraclostridium_bifermentans_DSM_14991,1490,CLOSTRIDIA
GCF_008151785.1,Peptacetobacter_hiranonis_DSM_13275,89152,CLOSTRIDIA
GCF_000597865.1,Peptoclostridium_acidaminophilum_DSM_3953,1286171,CLOSTRIDIA
GCF_027125355.1,Peptostreptococcus_CBA3647,3003601,CLOSTRIDIA
GCF_900538275.1,Petrocella_atlantisensis,2173034,CLOSTRIDIA
GCF_030013905.1,Petroclostridium_X23,3045146,CLOSTRIDIA
GCF_030263895.1,Proteiniborus_MB09-C3,3050072,CLOSTRIDIA
GCF_029590275.1,Proteiniclasticum_QWL-01,3036945,CLOSTRIDIA
GCF_008935055.1,Pseudobutyrivibrio_xylanivorans_MA3014,185007,CLOSTRIDIA
GCF_002896855.1,Pseudoclostridium_thermosuccinogenes_DSM_5807,84032,CLOSTRIDIA
GCF_018408705.1,Pusillibacter_faecalis_MM59,2714358,CLOSTRIDIA
GCF_014337195.1,Qiania_dongpingensis_NSJ-38,2763669,CLOSTRIDIA
GCF_012317385.1,Romboutsia_sp._CE17,2724150,CLOSTRIDIA
GCF_000225345.1,Roseburia_hominis_A2-183,585394,CLOSTRIDIA
GCF_000022065.1,Ruminiclostridium_cellulolyticum_H10,394503,CLOSTRIDIA
GCF_000179635.2,Ruminococcus_albus_7_DSM_20455,697329,CLOSTRIDIA
GCF_009831375.1,Ruminococcus_gnavus_ATCC_29149,411470,CLOSTRIDIA
GCF_900683755.1,Ruthenibacterium_lactatiformans,1550024,CLOSTRIDIA
GCF_015708635.1,Sarcina_JB2,2726954,CLOSTRIDIA
GCF_023008365.1,Sellimonas_intestinalis_VE303-03,1653434,CLOSTRIDIA
GCF_014337175.1,Simiaoa_sunii_NSJ-8,2763672,CLOSTRIDIA
GCF_015140235.1,Solibaculum_mannosilyticum_12CBH8,2780922,CLOSTRIDIA
GCF_030644385.1,Stomatobaculum_F0698,3059030,CLOSTRIDIA
GCF_025152575.1,Subdoligranulum_variabile_DSM_15176,214851,CLOSTRIDIA
GCA_000219855.1,Sulfobacillus_acidophilus_TPY,1051632,CLOSTRIDIA
GCF_000009905.1,Symbiobacterium_thermophilum_IAM_14863,292459,CLOSTRIDIA
GCF_000190635.1,Syntrophobotulus_glycolicus_DSM_8271,645991,CLOSTRIDIA
GCF_000014725.1,Syntrophomonas_wolfei_sub_wolfei_Goettingen_G311,335541,CLOSTRIDIA
GCF_000092405.1,Syntrophothermus_lipocalidus_DSM_12680,643648,CLOSTRIDIA
GCF_000213235.1,Tepidanaerobacter_acetatoxydans_Re1,1209989,CLOSTRIDIA
GCF_934924865.1,Tepidibacter_8C15b,2925782,CLOSTRIDIA
GCF_020809405.1,Terrisporobacter_hibernicus_MCA3,2813371,CLOSTRIDIA
GCF_000305935.1,Thermacetogenium_phaeum_DSM_12270,1089553,CLOSTRIDIA
GCF_000184705.1,Thermaerobacter_marianensis_DSM_12885,644966,CLOSTRIDIA
GCF_900176005.1,Thermanaeromonas_toyohensis_ToBE,698762,CLOSTRIDIA
GCF_000746025.2,Thermanaerosceptrum_fracticalcis_DRI-13,1712410,CLOSTRIDIA
GCF_000092945.1,Thermincola_potens_JR,635013,CLOSTRIDIA
GCF_000025645.1,Thermoanaerobacter_italicus_Ab9,580331,CLOSTRIDIA
GCF_000328545.1,Thermoanaerobacterium_thermosaccharolyticum_M0795,698948,CLOSTRIDIA
GCF_024498295.1,Thermocaproicibacter_melissae_MDTJ8,2966552,CLOSTRIDIA
GCF_000331995.1,Thermoclostridium_stercorarium_sub_stercorarium_DSM_8532,1121335,CLOSTRIDIA
GCF_000212395.1,Thermodesulfobium_narugense_DSM_14796,747365,CLOSTRIDIA
GCF_000144645.1,Thermosediminibacter_oceani_DSM_16646,555079,CLOSTRIDIA
GCF_018141425.1,Vallitalea_guaymasensis_Ra1766G1,1185412,CLOSTRIDIA
GCF_018326305.1,Vescimonas_fastidiosa_MM35,2714353,CLOSTRIDIA
GCF_014337215.1,Wansuia_hejianensis_NSJ-29,2763667,CLOSTRIDIA
GCF_014337155.1,Wujia_chipingensis_NSJ-4,2763670,CLOSTRIDIA
GCF_004353525.1,Zhaonella_formicivorans_K32,2528593,CLOSTRIDIA
GCF_022701195.1,Allobaculum_mucilyticum_128,2834459,ERYSIPELOTRICHIA
GCF_010537335.1,Amedibacterium_intestinale_9CBEGH2,2583452,ERYSIPELOTRICHIA
GCF_016812035.1,Bulleidia_zg-1006,2806552,ERYSIPELOTRICHIA
GCF_025148785.1,Catenibacterium_mitsuokai_DSM_15897,100886,ERYSIPELOTRICHIA
GCF_012317185.1,Clostridium_innocuum_ATCC_14501,1522,ERYSIPELOTRICHIA
GCF_000270085.1,Erysipelothrix_rhusiopathiae_Fujisawa,650150,ERYSIPELOTRICHIA
GCA_014337235.1,Eubacterium_hominis_NSJ-61,2764325,ERYSIPELOTRICHIA
GCF_015097455.1,Faecalibacillus_intestinalis_14EGH31,1982626,ERYSIPELOTRICHIA
GCF_001564455.1,Faecalibaculum_rodentium_ALO17,1702221,ERYSIPELOTRICHIA
GCF_003925875.1,Intestinibaculum_porci_SG0102,2487118,ERYSIPELOTRICHIA
GCF_018406465.1,Longicatena_caecimuris_3BBH23,1796635,ERYSIPELOTRICHIA
GCF_021054785.1,Tannockella_kyphosi_BP52G,2899121,ERYSIPELOTRICHIA
GCF_016728785.1,Thomasclavelia_ramosa_FDAARGOS_1105,1547,ERYSIPELOTRICHIA
GCF_001543345.1,Turicibacter_H121,1712675,ERYSIPELOTRICHIA
GCF_000230275.1,Acidaminococcus_intestini_RyC-MR95,568816,NEGATIVICUTES
GCF_900343095.1,Dialister_massiliensis_Marseille-P5638,2161821,NEGATIVICUTES
GCF_900187035.1,Megamonas_hypermegale_NCTC10570,158847,NEGATIVICUTES
GCF_003010495.1,Megasphaera_elsdenii_DSM_20460,1064535,NEGATIVICUTES
GCF_003966895.1,Methylomusa_anaerophila_MMFC1,1930071,NEGATIVICUTES
GCF_014076555.1,Pectinatus_frisingensis_MB139,865,NEGATIVICUTES
GCF_000271665.2,Pelosinus_fermentans_JBW45,1192197,NEGATIVICUTES
GCF_003945365.1,Phascolarctobacterium_faecium_JCM_30894,33025,NEGATIVICUTES
GCF_030273445.1,Selenobaculum_gbiensis_ICN-92133,3054208,NEGATIVICUTES
GCF_000284095.1,Selenomonas_ruminantium_sub_lactilytica_TAM6421,927704,NEGATIVICUTES
GCF_007641255.1,Sporomusa_termitida_DSM_4440,2377,NEGATIVICUTES
GCF_000024945.1,Veillonella_parvula_DSM_2008,479436,NEGATIVICUTES
GCF_004103715.1,Acidilutibacter_cellobiosedens_JN-28,2507161,TISSIERELLIA
GCF_000024105.1,Anaerococcus_prevotii_DSM_20548,525919,TISSIERELLIA
GCF_010669085.1,Caloranaerobacter_azorensis_T3-1,116090,TISSIERELLIA
GCF_900120235.1,Clostridium_ultunense_Esp,1288971,TISSIERELLIA
GCF_900120165.1,Ezakiella_massiliensis_Marseille-P2951T,1852374,TISSIERELLIA
GCF_000010185.1,Finegoldia_magna_ATCC_29328,334413,TISSIERELLIA
GCF_000299355.1,Gottschalkia_acidurici_9a,1128398,TISSIERELLIA
GCF_004101785.1,Gudongella_oleilytica_W6,1582259,TISSIERELLIA
GCF_016767175.1,Keratinibaculum_paraultunense_KD-1,1278232,TISSIERELLIA
GCF_016458825.1,Miniphocaeibacter_halophilus_AMB_01,2931922,TISSIERELLIA
GCF_900119705.1,Murdochiella_vaginalis_Marseille-P2341T,1852373,TISSIERELLIA
GCF_900120375.1,Ndongobacter_massiliensis_Marseille-P3170T,1871025,TISSIERELLIA
GCF_000800295.1,Parvimonas_micra_KCOM_1535_ChDC_B708,33033,TISSIERELLIA
GCF_900638565.1,Peptoniphilus_harei_NCTC13077,54005,TISSIERELLIA
GCF_017352195.1,Sedimentibacter_zth1,2816908,TISSIERELLIA
GCF_029537395.1,Tissierella_Yu-01,3035694,TISSIERELLIA
GCF_022558445.1,Candidatus_Contubernalis_alkalaceticus_Z-7904,338645,OTHER_BACILLOTA
GCF_001544015.1,Limnochorda_pilosa_HC45,1555112,OTHER_BACILLOTA
GCF_022807975.1,Abyssalbus_ytuae_MT3330,2926907,BACTEROIDOTA
GCF_014075995.1,Adhaeribacter_radiodurans_KUDC8001,2745197,BACTEROIDOTA
GCF_015476115.1,Aegicerativicinus_sediminis_SM2-F,2893202,BACTEROIDOTA
GCF_000265385.1,Aequorivita_sublithincola_DSM_14238,746697,BACTEROIDOTA
GCF_032926325.1,Aestuariibaculum_lutulentum_L182,2920935,BACTEROIDOTA
GCF_005943945.1,Aggregatimonas_sangjinii_F202Z8,2583587,BACTEROIDOTA
GCF_030344935.1,Algibacter_luteus_HNIBRBA226,1178825,BACTEROIDOTA
GCF_001593605.1,Algoriphagus_sanaruensis_M8-2,1727163,BACTEROIDOTA
GCF_000265365.1,Alistipes_finegoldii_DSM_17242,679935,BACTEROIDOTA
GCF_023674465.1,Alkaliflexus_Ai-910,2949635,BACTEROIDOTA
GCF_002201795.1,Alkalitalea_saponilacus_SCBZ-SP2,889453,BACTEROIDOTA
GCF_000224085.1,Allomuricauda_ruestringensis_DSM_13258,886377,BACTEROIDOTA
GCF_014353055.1,Amniculibacterium_G2-70,2767188,BACTEROIDOTA
GCF_008033235.1,Anseongella_ginsenosidimutans_Gsoil_524,496056,BACTEROIDOTA
GCF_006159205.1,Antarcticibacterium_flavum_JB01H24,2058175,BACTEROIDOTA
GCF_004014855.1,Apibacter_raozihei_HY041,2500547,BACTEROIDOTA
GCF_003443715.1,Aquimarina_AD10,1714849,BACTEROIDOTA
GCF_003143535.1,Aquirufa_nivalisilvae_HME7025,2516557,BACTEROIDOTA
GCF_003600625.1,Arachidicoccus_soli_KIS59-12,2341117,BACTEROIDOTA
GCF_003258705.1,Arcticibacterium_luteifluviistationis_SM1504T,1784714,BACTEROIDOTA
GCF_002234495.1,Arenibacter_algicola_SMS7,616991,BACTEROIDOTA
GCF_029625215.1,Aurantibacillus_circumpalustris_Swamp196,3036359,BACTEROIDOTA
GCF_006065315.1,Aureibaculum_algae_10Alg_115,2584122,BACTEROIDOTA
GCF_031326345.1,Aureispira_CCB-E,3051121,BACTEROIDOTA
GCF_000011065.1,Bacteroides_thetaiotaomicron_VPI-5482,226186,BACTEROIDOTA
GCF_000512915.1,Barnesiella_viscericola_DSM_18177_C46,880074,BACTEROIDOTA
GCF_000265405.1,Belliella_baltica_DSM_15883,866536,BACTEROIDOTA
GCF_009914665.1,Bergeyella_cardium_HPQL,1585976,BACTEROIDOTA
GCF_000265505.1,Bernardetia_litoralis_DSM_6794,880071,BACTEROIDOTA
GCF_023205095.1,Bizionia_M204,2675331,BACTEROIDOTA
GCF_000022605.2,Blattabacterium_Blattella_germanica_Bge_Alboraia,331104,BACTEROIDOTA
GCF_003991565.1,Butyricimonas_faecalis_H184,2093856,BACTEROIDOTA
GCF_000020565.1,Candidatus_Amoebophilus_asiaticus_5a2,452471,BACTEROIDOTA
GCF_910589745.1,Candidatus_Arcticimaribacter_forsetii,2820661,BACTEROIDOTA
GCF_000010645.1,Candidatus_Azobacteroides_pseudotrichonymphae_genomovar._CFP2_CfPt1-2,511995,BACTEROIDOTA
GCF_001447915.1,Candidatus_Karelsulcia_muelleri_PUNC,336810,BACTEROIDOTA
GCF_020149915.1,Candidatus_Sulfidibacterium_hydrothermale,2875962,BACTEROIDOTA
GCA_000331975.1,Candidatus_Uzinura_diaspidicola_ASNER,1133592,BACTEROIDOTA
GCF_000709555.1,Candidatus_Walczuchella_monophlebidarum,1415657,BACTEROIDOTA
GCF_000220625.1,Capnocytophaga_canimorsus_Cc5,860228,BACTEROIDOTA
GCF_000304455.1,Cardinium_endosymbiont_cEper1_of_Encarsia_pergandiella,1231626,BACTEROIDOTA
GCF_030506285.1,Catalinimonas_niigatensis_NBRC_109829,1397264,BACTEROIDOTA
GCF_000186265.1,Cellulophaga_algicola_DSM_14237,688270,BACTEROIDOTA
GCF_006974145.1,Changchengzhania_lutea_SM1355,2049305,BACTEROIDOTA
GCF_010093065.1,Chitinophaga_agri_H33E-04,2703787,BACTEROIDOTA
GCF_026250525.1,Chondrinema_litorale_WSW3-B12,2994555,BACTEROIDOTA
GCF_000060345.1,Christiangramia_forsetii_KT0803,411154,BACTEROIDOTA
GCF_002025665.1,Chryseobacterium_indologenes_AA5,253,BACTEROIDOTA
GCF_003589925.1,Chryseolinea_soli_KIS68-18,2321403,BACTEROIDOTA
GCA_025370075.1,Chryseotalea_WA131a,2824557,BACTEROIDOTA
GCF_003860565.1,Cloacibacterium_normanense_NRS-1,237258,BACTEROIDOTA
GCF_014295415.1,Constantimarinum_furrinae_ALE3EI,2562285,BACTEROIDOTA
GCF_030296935.1,Coprobacter_fastidiosus_JCM_33896,1099853,BACTEROIDOTA
GCF_013402795.1,Costertonia_aggregata_KCCM_42265,343403,BACTEROIDOTA
GCF_000196315.1,Croceibacter_atlanticus_HTCC2559,216432,BACTEROIDOTA
GCF_014524565.1,Croceimicrobium_hydrocarbonivorans_A20-9,2761580,BACTEROIDOTA
GCF_014961145.1,Cruoricaptor_ignavus_M1214,1118202,BACTEROIDOTA
GCA_017798125.1,Cryomorphaceae_bacterium_ECT2AJA-044,1898111,BACTEROIDOTA
GCF_000222485.1,Cyclobacterium_marinum_DSM_745,880070,BACTEROIDOTA
GCF_000014145.1,Cytophaga_hutchinsonii_ATCC_33406,269798,BACTEROIDOTA
GCF_000212355.1,Dokdonia_4H-3-7-5,983548,BACTEROIDOTA
GCF_000626635.1,Draconibacterium_orientale_FH5T,1168034,BACTEROIDOTA
GCF_004803935.1,Duncaniella_sp._C9,2530392,BACTEROIDOTA
GCF_000023125.1,Dyadobacter_fermentans_DSM_18053,471854,BACTEROIDOTA
GCF_011299555.1,Dysgonomonas_HDW5A,2714926,BACTEROIDOTA
GCF_000325705.1,Echinicola_vietnamensis_DSM_17526,926556,BACTEROIDOTA
GCF_000495935.2,Elizabethkingia_anophelis_NUHP1,1338011,BACTEROIDOTA
GCF_013488205.1,Empedobacter_falsenii_1681-1,343874,BACTEROIDOTA
GCF_000263195.1,Emticicia_oligotrophica_DSM_17448,929562,BACTEROIDOTA
GCF_003687485.1,Euzebyella_marina_RN62,1761453,BACTEROIDOTA
GCF_017948305.1,Faecalibacter_bovis_ZY171143,2898187,BACTEROIDOTA
GCA_000953535.1,Fermentimonas_caenicola,1562970,BACTEROIDOTA
GCF_020042285.1,Ferruginibacter_albus_KIS38-8,2875540,BACTEROIDOTA
GCF_002108455.1,Fibrella_ES10-3-2-2,1834519,BACTEROIDOTA
GCF_002355595.1,Filimonas_lacunae_NBRC_104114,477680,BACTEROIDOTA
GCF_021390195.1,Flagellimonas_CMM7,2654676,BACTEROIDOTA
GCF_001682195.2,Flammeovirga_MY04,1191459,BACTEROIDOTA
GCF_018595685.2,Flavihumibacter_rivuli_IMCC34838,2838156,BACTEROIDOTA
GCF_022259695.1,Flaviramulus_BrNp1-15,2916754,BACTEROIDOTA
GCF_001644645.1,Flavisolibacter_tropicus_LCS9,1492898,BACTEROIDOTA
GCF_002886045.1,Flavivirga_eckloniae_ECD14,1803846,BACTEROIDOTA
GCF_000016645.1,Flavobacterium_johnsoniae_UW101_ATCC_17061,376686,BACTEROIDOTA
GCF_000194605.1,Fluviicola_taffensis_DSM_16823,755732,BACTEROIDOTA
GCF_007197735.1,Formosa_sediminum_PS13,2594004,BACTEROIDOTA
GCF_017068455.1,Fulvivirga_lutea_S481,2810512,BACTEROIDOTA
GCF_013391805.1,Galbibacter_BG1,1170699,BACTEROIDOTA
GCF_000212735.1,Haliscomenobacter_hydrossis_DSM_1100,760192,BACTEROIDOTA
GCF_020735565.1,Hoylesella_buccalis_FDAARGOS_1588,28127,BACTEROIDOTA
GCF_032814565.1,Hwangdonia_SCSIO_19198,3075823,BACTEROIDOTA
GCF_000576555.1,Hymenobacter_swuensis_DY53,1227739,BACTEROIDOTA
GCF_002369955.1,Ichthyobacterium_seriolicida_JBKA-6,242600,BACTEROIDOTA
GCF_032999765.1,Imperialibacter_roseus_P4T,1324217,BACTEROIDOTA
GCF_028743515.2,Imtechella_halotolerans_JCM_17677,1165090,BACTEROIDOTA
GCF_003352465.1,Kordia_SMS9,2282170,BACTEROIDOTA
GCF_002356295.1,Labilibaculum_antarcticum_SPP2,1717717,BACTEROIDOTA
GCF_014168535.1,Lacibacter_sediminis_S13-6-22,2760713,BACTEROIDOTA
GCF_000211855.2,Lacinutrix_5H-3-7-4,983544,BACTEROIDOTA
GCF_026248825.1,Larkinella_insperata_LMG22510,332158,BACTEROIDOTA
GCF_000166395.1,Leadbetterella_byssophila_DSM_17132,649349,BACTEROIDOTA
GCF_020310025.1,Leeuwenhoekiella_palythoae_F5,573501,BACTEROIDOTA
GCF_030845195.1,Longitalea_SCSIO_12813,3069118,BACTEROIDOTA
GCF_001543325.1,Lutibacter_profundi_LP1,1622118,BACTEROIDOTA
GCF_030503675.1,Lutimonas_YSD2104,3060215,BACTEROIDOTA
GCF_030908385.1,Mangrovimonas_YM274,3070660,BACTEROIDOTA
GCF_005166025.1,Mangrovivirga_cuniculi_R1DC9,2715131,BACTEROIDOTA
GCF_002269385.1,Maribacter_cobaltidurans_B1,1178778,BACTEROIDOTA
GCF_009762775.1,Maribellus_comscasis_WC007,2681766,BACTEROIDOTA
GCF_003425985.1,Mariniflexile_TRM1-10,2027857,BACTEROIDOTA
GCF_020149935.1,Marinilongibacter_aquaticus_YYF0007,2975157,BACTEROIDOTA
GCF_000183425.1,Marivirga_tractuosa_DSM_4126,643867,BACTEROIDOTA
GCF_019904255.1,Marixanthomonas_SCSIO_43207,2779360,BACTEROIDOTA
GCF_014041915.1,Marnyiella_aurantia_CX-624,2758037,BACTEROIDOTA
GCF_014764305.1,Mesoflavibacter_profundi_YC1039,2708110,BACTEROIDOTA
GCA_029319145.1,Microbacter_sp._GSS18,3031917,BACTEROIDOTA
GCF_021596945.1,Mongoliitalea_daihaiensis_X100-76,2782006,BACTEROIDOTA
GCF_002355435.1,Mucilaginibacter_gotjawali_SA3-7,1550579,BACTEROIDOTA
GCA_000723505.1,Mucinivorans_hirudinis,1433126,BACTEROIDOTA
GCF_001688845.2,Muribaculum_intestinale_YL27,1796646,BACTEROIDOTA
GCF_004139715.1,Muriicola_soli_MMS17-SY002,2507538,BACTEROIDOTA
GCF_000833025.1,Myroides_profundi_D25,480520,BACTEROIDOTA
GCF_000243115.2,Niabella_soli_DSM_19437,929713,BACTEROIDOTA
GCF_000246855.1,Niastella_koreensis_GR20-10,700598,BACTEROIDOTA
GCF_009913235.1,Nibribacter_ruber_BT10,2698458,BACTEROIDOTA
GCF_000332115.1,Nonlabens_dokdonensis_DSW-6,592029,BACTEROIDOTA
GCF_009498295.1,Oceanihabitans_IOP_32,2529032,BACTEROIDOTA
GCF_000190535.1,Odoribacter_splanchnicus_DSM_20712,709991,BACTEROIDOTA
GCF_014334135.1,Olivibacter_SDN3,2764720,BACTEROIDOTA
GCF_002831645.1,Olleya_Bg11-27,2058135,BACTEROIDOTA
GCF_000265465.1,Ornithobacterium_rhinotracheale_DSM_15997,867902,BACTEROIDOTA
GCF_000236705.1,Owenweeksia_hongkongensis_DSM_17368,926562,BACTEROIDOTA
GCF_024628805.1,Paenimyroides_aestuarii_SCSIO_72103,2968490,BACTEROIDOTA
GCF_000183135.1,Paludibacter_propionicigenes_WB4,694427,BACTEROIDOTA
GCF_007971225.1,Panacibacter_ginsenosidivorans_Gsoil1550,1813871,BACTEROIDOTA
GCF_000012845.1,Parabacteroides_distasonis_ATCC_8503,435591,BACTEROIDOTA
GCF_019740355.2,Paracrocinitomix_mangrovi_GM2-3-6-6,2862509,BACTEROIDOTA
GCF_003555545.1,Paraflavitalea_soli_5GH32-13,2315862,BACTEROIDOTA
GCF_030759015.1,Paramuribaculum_intestinale_DSM_100764,2094151,BACTEROIDOTA
GCF_900683745.1,Paraprevotella_xylaniphila_YIT_11841,762982,BACTEROIDOTA
GCF_907165195.1,Parvicella_tangerina_AS29M-1,2829795,BACTEROIDOTA
GCF_000023825.1,Pedobacter_heparinus_DSM_2366,485917,BACTEROIDOTA
GCF_900095795.1,Petrimonas_mucosa_ING2-E5A,1642646,BACTEROIDOTA
GCF_009740285.1,Phnomibacter_ginsenosidimutans_SB-02,2676868,BACTEROIDOTA
GCF_000190575.1,Phocaeicola_salanitronis_DSM_18170,667015,BACTEROIDOTA
GCF_000152945.2,Polaribacter_MED152,313598,BACTEROIDOTA
GCF_000973725.1,Pontibacter_korlensis_X14-1T,400092,BACTEROIDOTA
GCF_030506305.1,Porifericola_rhodea_NBRC_107748,930972,BACTEROIDOTA
GCF_000007585.1,Porphyromonas_gingivalis_W83,242619,BACTEROIDOTA
GCF_000144405.1,Prevotella_melaninogenica_ATCC_25845,553174,BACTEROIDOTA
GCF_900095135.1,Proteiniphilum_saccharofermentans_M36,1642647,BACTEROIDOTA
GCF_001310225.1,Pseudalgibacter_alginicilyticus_HZ22,1736674,BACTEROIDOTA
GCF_007970185.1,Pseudobacter_ginsenosidimutans_Gsoil_221,661488,BACTEROIDOTA
GCF_004347775.1,Pseudocnuella_soli_17J28-1,2502779,BACTEROIDOTA
GCF_000190735.1,Pseudopedobacter_saltans_DSM_12145,762903,BACTEROIDOTA
GCF_003265305.2,Pseudoprevotella_muciniphila_E39,2133944,BACTEROIDOTA
GCF_000153485.2,Psychroflexus_torquis_ATCC_700755,313595,BACTEROIDOTA
GCF_023556315.2,Psychroserpens_ponticola_MSW6,2932268,BACTEROIDOTA
GCF_002966125.1,Pukyongia_salina_RR4-38,2094025,BACTEROIDOTA
GCF_011044175.1,Rasiella_rasia_RR4-40,2744027,BACTEROIDOTA
GCF_025502585.1,Reichenbachiella_BKB1-1,2979464,BACTEROIDOTA
GCF_010119975.1,Rhodocytophaga_rosea_172606-1,2704465,BACTEROIDOTA
GCF_000295655.1,Riemerella_anatipestifer_RA-CH-1,1228997,BACTEROIDOTA
GCF_000024125.1,Robiginitalea_biformata_HTCC2501,313596,BACTEROIDOTA
GCF_001310085.1,Rufibacter_tibetensis_1351,512763,BACTEROIDOTA
GCF_000218895.1,Runella_slithyformis_DSM_19594,761193,BACTEROIDOTA
GCF_020310005.1,Salegentibacter_mishustinae_F1,270918,BACTEROIDOTA
GCF_026109735.1,Salinimicrobium_tongyeongense_HN-2-9-2,2809707,BACTEROIDOTA
GCF_001443605.1,Salinivirga_cyanobacteriivorans_L21-Spi-D4,1307839,BACTEROIDOTA
GCF_000250635.1,Saprospira_grandis_Lewin,984262,BACTEROIDOTA
GCF_025997995.1,Sediminibacterium_TEGAF015,575378,BACTEROIDOTA
GCF_001430825.1,Sediminicola_YIK13,1453352,BACTEROIDOTA
GCF_020735445.1,Segatella_copri_DSM_18205,537011,BACTEROIDOTA
GCF_001971785.1,Seonamhaeicola_S2-3,1936081,BACTEROIDOTA
GCF_000941055.1,Siansivirga_zeaxanthinifaciens_CC-SAMT-1,1454006,BACTEROIDOTA
GCF_021183825.1,Sinomicrobium_kalidii_HD2P242,2900738,BACTEROIDOTA
GCF_009676955.1,Sodaliphilus_pleomorphus_Oil-RF-744-WCA-WT-10,2606626,BACTEROIDOTA
GCF_000242635.2,Solitalea_canadensis_DSM_3403,929556,BACTEROIDOTA
GCF_011046555.1,Sphingobacterium_lactis_DSM_22361,797291,BACTEROIDOTA
GCA_000024525.1,Spirosoma_linguale_DSM_74,504472,BACTEROIDOTA
GCF_002893765.1,Tamlana_carrageenivorans_UJ94,2069432,BACTEROIDOTA
GCF_000238215.1,Tannerella_forsythia_92A2,203275,BACTEROIDOTA
GCF_026278345.1,Tellurirhabdus_rosea_U15T,2674997,BACTEROIDOTA
GCA_001483385.1,Tenacibaculum_dicentrarchi_AY7486TD,669041,BACTEROIDOTA
GCF_013265555.1,Tenuifilum_thalassicum_38H-str,2590900,BACTEROIDOTA
GCF_030506325.1,Tunicatimonas_pelagia_NBRC_107804,931531,BACTEROIDOTA
GCF_001761325.1,Urechidicola_croceus_LPB0138,1850246,BACTEROIDOTA
GCA_030584125.1,Vicingaceae_bacterium,2832346,BACTEROIDOTA
GCF_000189415.1,Weeksella_virosa_DSM_16922,865938,BACTEROIDOTA
GCF_001697185.1,Wenyingzhuangia_fucanilytica_CZ1127,1790137,BACTEROIDOTA
GCF_000828715.1,Winogradskyella_PG-2,754409,BACTEROIDOTA
GCF_022760175.1,Zhouia_spongiae_HN-Y44,2202721,BACTEROIDOTA
GCF_000973105.1,Zobellia_galactanivorans_DsiJT,63186,BACTEROIDOTA
GCF_000023465.1,Zunongwangia_profunda_SM-A87,655815,BACTEROIDOTA
GCF_002872415.1,Bacteriovorax_stolpii_DSM_12778,960,BDELLOVIBRIONOTA
GCF_000196175.1,Bdellovibrio_bacteriovorus_HD100,264462,BDELLOVIBRIONOTA
GCF_000210915.2,Halobacteriovorax_marinus_SJ,862908,BDELLOVIBRIONOTA
GCF_000226315.1,Micavibrio_aeruginosavorus_ARL-13,856793,BDELLOVIBRIONOTA
GCF_029873255.1,Pigmentibacter_JX0631,2976982,BDELLOVIBRIONOTA
GCF_000348725.1,Pseudobdellovibrio_exovorus_JSS,1184267,BDELLOVIBRIONOTA
GCF_001907975.1,Silvanigrella_aquatica_MWH-Nonnen-W8red,1915309,BDELLOVIBRIONOTA
GCF_000014025.1,Aliarcobacter_butzleri_RM4018,367737,CAMPYLOBACTEROTA
GCF_000092245.1,Arcobacter_nitrofigilis_DSM_7299,572480,CAMPYLOBACTEROTA
GCF_005843985.1,Caminibacter_mediatlanticus_TB-2,391592,CAMPYLOBACTEROTA
GCF_000009085.1,Campylobacter_jejuni_sub_jejuni_NCTC_11168_ATCC_700819,192222,CAMPYLOBACTEROTA
GCA_000517565.1,Desulfurella_acetivorans_A63,694431,CAMPYLOBACTEROTA
GCF_006459125.1,Halarcobacter_anaerophilus_DSM_24636,877500,CAMPYLOBACTEROTA
GCF_000307795.1,Helicobacter_pylori_26695,85962,CAMPYLOBACTEROTA
GCF_000194135.1,Hippea_maritima_DSM_10411,760142,CAMPYLOBACTEROTA
GCA_003945285.1,Hydrogenimonas,2231112,CAMPYLOBACTEROTA
GCF_003346775.1,Malaciobacter_mytili_LMG_24559,1032238,CAMPYLOBACTEROTA
GCF_000021725.1,Nautilia_profundicola_AmH,598659,CAMPYLOBACTEROTA
GCF_000186245.1,Nitratifractor_salsuginis_DSM_16511,749222,CAMPYLOBACTEROTA
GCF_000010325.1,Nitratiruptor_SB155-2,387092,CAMPYLOBACTEROTA
GCF_015100395.1,Nitrosophilus_alvini_EPR55-1,2714855,CAMPYLOBACTEROTA
GCF_001956695.1,Poseidonibacter_parvus_LPB0137,1850254,CAMPYLOBACTEROTA
GCF_000183725.1,Sulfuricurvum_kujiense_DSM_16994,709032,CAMPYLOBACTEROTA
GCF_000147355.1,Sulfurimonas_autotrophica_DSM_16294,563040,CAMPYLOBACTEROTA
GCF_000265295.1,Sulfurospirillum_barnesii_SES-3,760154,CAMPYLOBACTEROTA
GCF_000010345.1,Sulfurovum_NBC37-1,387093,CAMPYLOBACTEROTA
GCF_000196135.1,Wolinella_succinogenes_DSM_1740,273121,CAMPYLOBACTEROTA
GCF_000008745.1,Chlamydia_pneumoniae_CWL029,115713,CHLAMYDIOTA
GCF_000008725.1,Chlamydia_trachomatis_DUW-3CX,272561,CHLAMYDIOTA
GCF_902806995.1,Chlamydiifrater_volucris,2681470,CHLAMYDIOTA
GCF_963457595.1,Candidatus_Neptunochlamydia_REUL1,3064277,CHLAMYDIOTA
GCF_000011565.2,Candidatus_Protochlamydia_amoebophila_UWE25,264201,CHLAMYDIOTA
GCF_001499655.1,Candidatus_Protochlamydia_naegleriophila_KNic,389348,CHLAMYDIOTA
GCF_015356815.2,Candidatus_Rhabdochlamydia_porcellionis_15C,225148,CHLAMYDIOTA
GCF_000648235.2,Neochlamydia_S13,1353976,CHLAMYDIOTA
GCF_000253035.1,Parachlamydia_acanthamoebae_UV-7,765952,CHLAMYDIOTA
GCF_000237205.1,Simkania_negevensis_Z,331113,CHLAMYDIOTA
GCA_018399055.1,Simkaniaceae_bacterium,2698248,CHLAMYDIOTA
GCF_000092785.1,Waddlia_chondrophila_WSU_86-1044,716544,CHLAMYDIOTA
GCF_000006985.1,Chlorobaculum_tepidum_TLS,194439,CHLOROBIOTA
GCF_000020465.1,Chlorobium_limicola,290315,CHLOROBIOTA
GCF_000020525.1,Chloroherpeton_thalassium_ATCC_35110,517418,CHLOROBIOTA
GCF_000012485.1,Pelodictyon_luteolum_DSM_273,319225,CHLOROBIOTA
GCF_000020625.1,Prosthecochloris_aestuarii_DSM_271,290512,CHLOROBIOTA
GCF_000199675.1,Anaerolinea_thermophila_UNI-1,926569,CHLOROFLEXOTA
GCA_001717545.1,Anaerolineaceae_bacterium_oral_taxon_439_W11661,1889813,CHLOROFLEXOTA
GCF_900184705.1,Brevefilum_fermentans,1986204,CHLOROFLEXOTA
GCF_000281175.1,Caldilinea_aerophila_DSM_14535_NBRC_104270,926550,CHLOROFLEXOTA
GCF_900066015.1,Candidatus_Promineifilum_breve_Cfx-K,1806508,CHLOROFLEXOTA
GCA_025998955.1,Candidatus_Roseilinea,2838777,CHLOROFLEXOTA
GCF_000021945.1,Chloroflexus_aggregans_DSM_9485,326427,CHLOROFLEXOTA
GCF_000011905.1,Dehalococcoides_mccartyi_195,243164,CHLOROFLEXOTA
GCF_014672715.2,Dehalogenimonas_etheniformans_GP,1536648,CHLOROFLEXOTA
GCA_000018565.1,Herpetosiphon_aurantiacus_DSM_785,316274,CHLOROFLEXOTA
GCA_030167145.1,Ktedonobacterales_bacterium,2306968,CHLOROFLEXOTA
GCF_004208415.1,Ktedonosporobacter_rubrisoli_SCAWS-G2,2509675,CHLOROFLEXOTA
GCF_003966975.1,Pelolinea_submarina_MO-CFX1,913107,CHLOROFLEXOTA
GCF_015500095.1,Phototrophicus_methaneseepsis_ZRK33,2710758,CHLOROFLEXOTA
GCF_000016665.1,Roseiflexus_RS-1,357808,CHLOROFLEXOTA
GCA_029593915.1,SAR202_cluster_bacterium_JH1073,3038980,CHLOROFLEXOTA
GCF_008838325.1,Tepidiforma_bonchosmolovskayae_3753O,2601677,CHLOROFLEXOTA
GCF_000025005.1,Thermobaculum_terrenum_ATCC_BAA-798,525904,CHLOROFLEXOTA
GCF_018771565.1,Thermoflexus_hugenholtzii,1495650,CHLOROFLEXOTA
GCF_000018105.1,Acaryochloris_marina_MBIC11017,329726,CYANOBACTERIOTA
GCF_000317515.1,Allocoleopsis_franciscana_PCC_7113,1173027,CYANOBACTERIOTA
GCF_000317695.1,Anabaena_cylindrica_PCC_7122,272123,CYANOBACTERIOTA
GCF_018389385.1,Anthocerotibacter_panamensis_C109,2778476,CYANOBACTERIOTA
GCA_017346855.1,Aphanizomenon_flos-aquae_DEX188,2717882,CYANOBACTERIOTA
GCA_002368055.1,Aulosira_laxa_NIES-50,1541988,CYANOBACTERIOTA
GCF_006968745.1,Brasilonema_sennae_CENA114,415709,CYANOBACTERIOTA
GCF_000316575.1,Calothrix_PCC_7507,99598,CYANOBACTERIOTA
GCF_000025125.1,Candidatus_Atelocyanobacterium_thalassa_isolate_ALOHA,1453429,CYANOBACTERIOTA
GCF_000317145.1,Chamaesiphon_minutus_PCC_6605,1173020,CYANOBACTERIOTA
GCF_000317125.1,Chroococcidiopsis_thermalis_PCC_7203,251229,CYANOBACTERIOTA
GCF_000317495.1,Crinalium_epipsammum_PCC_9333,1173022,CYANOBACTERIOTA
GCF_000017845.1,Crocosphaera_subtropica_ATCC_51142,43989,CYANOBACTERIOTA
GCF_000317675.1,Cyanobacterium_aponinum_PCC_10605,755178,CYANOBACTERIOTA
GCF_000316515.1,Cyanobium_gracile_PCC_6307,292564,CYANOBACTERIOTA
GCF_018139025.1,Cylindrospermopsis_raciborskii_N8,1524929,CYANOBACTERIOTA
GCF_000317535.1,Cylindrospermum_stagnale_PCC_7417,56107,CYANOBACTERIOTA
GCF_000317615.1,Dactylococcopsis_salina_PCC_8305,13035,CYANOBACTERIOTA
GCF_012516395.1,Dolichospermum_flos-aquae_CCAP_1403_13F,315271,CYANOBACTERIOTA
GCF_007904085.1,Euhalothece_natronophila_Z-M001,522448,CYANOBACTERIOTA
GCF_001548455.1,Fischerella_NIES-3754,1752063,CYANOBACTERIOTA
GCF_000317045.1,Geitlerinema_PCC_7407,1173025,CYANOBACTERIOTA
GCF_000332235.1,Geminocystis_herdmanii_PCC_6308,113355,CYANOBACTERIOTA
GCF_000011385.1,Gloeobacter_violaceus_PCC_7421,251221,CYANOBACTERIOTA
GCF_000317555.1,Gloeocapsa_PCC_7428,1173026,CYANOBACTERIOTA
GCA_032163395.1,Gloeocapsopsis_dulcis_AAB1,2859516,CYANOBACTERIOTA
GCF_001870225.1,Gloeomargarita_lithophora_Alchichica-D10,1188229,CYANOBACTERIOTA
GCA_022206215.1,Gloeomargaritales_cyanobacterium_VI4D9,2898145,CYANOBACTERIOTA
GCF_000147335.1,Gloeothece_verrucosa_PCC_7822,497965,CYANOBACTERIOTA
GCF_002075285.3,Halomicronema_hongdechloris_C2206,1641165,CYANOBACTERIOTA
GCF_000317635.1,Halothece_sp._PCC_7418,65093,CYANOBACTERIOTA
GCF_029953635.1,Halotia_branconii_CENA392,1539056,CYANOBACTERIOTA
GCF_020091585.1,Kovacikia_minuta_CCNUW1,2653194,CYANOBACTERIOTA
GCF_021379005.1,Leptodesmis_sichuanensis_A121,2835870,CYANOBACTERIOTA
GCF_002142475.1,Leptolyngbya_boryana_IAM_M-101,411966,CYANOBACTERIOTA
GCF_000316605.1,[Leptolyngbya]_sp._PCC_7376,111781,CYANOBACTERIOTA
GCF_019891175.1,Leptothermofonsia_sichuanensis_E412,2016068,CYANOBACTERIOTA
GCA_022184905.1,Limnoraphis_sp._WC205,2824556,CYANOBACTERIOTA
GCF_000973065.1,Limnospira_indica_PCC_8005,376219,CYANOBACTERIOTA
GCF_000010625.1,Microcystis_aeruginosa_NIES-843,449447,CYANOBACTERIOTA
GCF_001767235.1,Moorena_producens_PAL-8-15-08-1,1458985,CYANOBACTERIOTA
GCF_032813545.1,Nodosilinea_sp._E11,3037479,CYANOBACTERIOTA
GCF_003054475.1,Nodularia_spumigena_UHCC_0039,1914872,CYANOBACTERIOTA
GCF_000009705.1,Nostoc_PCC_7120_FACHB-418,103690,CYANOBACTERIOTA
GCF_000196515.1,Nostoc_azollae_0708,551115,CYANOBACTERIOTA
GCF_000020025.1,Nostoc_punctiforme_PCC_73102_ATCC_29133,63737,CYANOBACTERIOTA
GCF_000317475.1,Oscillatoria_nigro-viridis_PCC_7112,179408,CYANOBACTERIOTA
GCF_012295525.1,Oxynema_aestuarii_AP17,2064643,CYANOBACTERIOTA
GCF_000195975.1,Parasynechococcus_marenigrum_WH_8102,84588,CYANOBACTERIOTA
GCF_016446395.1,[Phormidium]_sp._ETS-05,222819,CYANOBACTERIOTA
GCF_023983615.1,Phormidium_yuhuli_AB48,2940671,CYANOBACTERIOTA
GCF_000019485.1,Picosynechococcus_sp._PCC_7002,32049,CYANOBACTERIOTA
GCF_904830935.1,Planktothrix_agardhii_No.976,1160,CYANOBACTERIOTA
GCF_000317025.1,Pleurocapsa_PCC_7327,118163,CYANOBACTERIOTA
GCF_000011485.1,Prochlorococcus_marinus_MIT_9313,74547,CYANOBACTERIOTA
GCF_000007925.1,Prochlorococcus_marinus_sub_marinus_CCMP1375_SS120,167539,CYANOBACTERIOTA
GCF_000317065.1,Pseudanabaena_PCC_7367,82654,CYANOBACTERIOTA
GCF_019056575.1,Richelia_sinica_FACHB-800_FACHB_800,1357546,CYANOBACTERIOTA
GCF_000021805.1,Rippkaea_orientalis_PCC_8801,41431,CYANOBACTERIOTA
GCF_000316665.1,Rivularia_PCC_7116,373994,CYANOBACTERIOTA
GCF_000317575.1,Stanieria_cyanosphaera_PCC_7437,111780,CYANOBACTERIOTA
GCF_000012525.1,Synechococcus_elongatus_PCC_7942_FACHB-805,1140,CYANOBACTERIOTA
GCF_000009725.1,Synechocystis_PCC_6803,1148,CYANOBACTERIOTA
GCF_026802175.1,Thermocoleostomius_sinensis_A174,2016057,CYANOBACTERIOTA
GCF_013177315.1,Thermoleptolyngbya_sichuanensis_A183,2737172,CYANOBACTERIOTA
GCF_002754935.1,Thermostichus_lividus_PCC_6715,1917166,CYANOBACTERIOTA
GCF_000011345.1,Thermosynechococcus_vestitus_BP-1,197221,CYANOBACTERIOTA
GCF_025677855.1,Tolypothrix_sp._PCC_7601,1188,CYANOBACTERIOTA
GCF_030409055.1,Trichocoleus_desertorum_NBK24,3023083,CYANOBACTERIOTA
GCF_000204075.1,Trichormus_variabilis_ATCC_29413,240292,CYANOBACTERIOTA
GCF_026240635.1,Trichothermofontia_sichuanensis_B231,2016064,CYANOBACTERIOTA
GCA_025370055.1,Woronichinia_naegeliana_WA131,2824559,CYANOBACTERIOTA
GCF_020885515.1,cyanobacterium_endosymbiont_of_Braarudosphaera_bigelowii,1285375,CYANOBACTERIOTA
GCF_000829235.1,cyanobacterium_endosymbiont_of_Epithemia_turgida,1228987,CYANOBACTERIOTA
GCF_003574135.1,cyanobacterium_endosymbiont_of_Rhopalodia_gibberula,1763363,CYANOBACTERIOTA
GCF_000183405.1,Calditerrivibrio_nitroreducens_DSM_19672,768670,DEFERRIBACTEROTA
GCF_000010985.1,Deferribacter_desulfuricans_SSM1,639282,DEFERRIBACTEROTA
GCA_022813675.1,Deferribacteraceae_bacterium_V6Fe1,2782161,DEFERRIBACTEROTA
GCF_000025725.1,Denitrovibrio_acetiphilus_DSM_12809,522772,DEFERRIBACTEROTA
GCF_000218625.1,Flexistipes_sinusarabici_DSM_4947,717231,DEFERRIBACTEROTA
GCF_004087915.1,Geovibrio_thiophilus_DSM_11263,139438,DEFERRIBACTEROTA
GCF_000487995.2,Mucispirillum_schaedleri_ASF457,1379858,DEFERRIBACTEROTA
GCF_000092125.1,Allomeiothermus_silvanus_DSM_9946,526227,DEINOCOCCOTA
GCF_000008565.1,Deinococcus_radiodurans_R1_ATCC_13939_DSM_20539,243230,DEINOCOCCOTA
GCF_000195335.1,Marinithermus_hydrothermalis_DSM_14884,869210,DEINOCOCCOTA
GCF_000024425.1,Meiothermus_ruber_DSM_1279,504728,DEINOCOCCOTA
GCF_000183745.1,Oceanithermus_profundus_DSM_14977,670487,DEINOCOCCOTA
GCF_000091545.1,Thermus_thermophilus_HB8,300852,DEINOCOCCOTA
GCF_000092425.1,Truepera_radiovictrix_DSM_17093,649638,DEINOCOCCOTA
GCF_022430525.1,Cetobacterium_somerae_CS2105-BJ,188913,FUSOBACTERIOTA
GCF_003019295.1,Fusobacterium_nucleatum_sub_nucleatum_ATCC_25586,190304,FUSOBACTERIOTA
GCF_030295325.1,Haliovirga_abyssi_IC12,2996794,FUSOBACTERIOTA
GCF_000165505.1,Ilyobacter_polytropus_DSM_2926,572544,FUSOBACTERIOTA
GCF_000023905.1,Leptotrichia_buccalis_C-1013-b_DSM_1135,523794,FUSOBACTERIOTA
GCF_007990505.1,Pseudoleptotrichia_goodfellowii_JCM16774,157692,FUSOBACTERIOTA
GCF_000024405.1,Sebaldella_termitidis_ATCC_33386,526218,FUSOBACTERIOTA
GCF_000973085.1,Sneathia_vaginalis_SN35,187101,FUSOBACTERIOTA
GCF_000024565.1,Streptobacillus_moniliformis_DSM_12112,519441,FUSOBACTERIOTA
GCF_000018785.1,Acholeplasma_laidlawii_PG-8A,441768,MYCOPLASMOTA
GCF_000968055.1,Alteracholeplasma_palmae_J233,1318466,MYCOPLASMOTA
GCF_000012225.1,Aster_yellows_witches-broom_phytoplasma_AYWB,322098,MYCOPLASMOTA
GCF_000582535.1,Candidatus_Hepatoplasma_crinochetorum_Av,1427984,MYCOPLASMOTA
GCA_000755705.1,Candidatus_Izimaplasma_bacterium_HR1,1541959,MYCOPLASMOTA
GCA_000069925.1,Candidatus_Phytoplasma_australiense,59748,MYCOPLASMOTA
GCF_002804205.1,Entomoplasma_freundtii_BARC_318,74700,MYCOPLASMOTA
GCF_900660745.1,Haploplasma_axanthum_NCTC10138,29552,MYCOPLASMOTA
GCF_013745115.1,Hujiaoplasma_nucleasis_zrk29,2725268,MYCOPLASMOTA
GCF_000011225.1,Malacoplasma_penetrans_HF-2,272633,MYCOPLASMOTA
GCF_016865445.1,Mariniplasma_anaerobium_Mahy22,2735436,MYCOPLASMOTA
GCF_000400855.1,Mesomycoplasma_hyopneumoniae_168-L,1116211,MYCOPLASMOTA
GCF_000479355.1,Mesoplasma_florum_W37,1406864,MYCOPLASMOTA
GCF_000085865.1,Metamycoplasma_hominis_ATCC_23114,347256,MYCOPLASMOTA
GCF_000023685.1,Mycoplasma_mycoides_sub_capri_GM12,436113,MYCOPLASMOTA
GCF_000027325.1,Mycoplasmoides_genitalium_G37_G-37,243273,MYCOPLASMOTA
GCF_000027345.1,Mycoplasmoides_pneumoniae_M129_ATCC_29342,272634,MYCOPLASMOTA
GCF_900660575.1,Mycoplasmopsis_pulmonis_NCTC10139,2107,MYCOPLASMOTA
GCF_000967915.1,Paracholeplasma_brassicae_O502,61635,MYCOPLASMOTA
GCF_000400935.1,Spiroplasma_chrysopicola_DF-1,1276227,MYCOPLASMOTA
GCF_000397185.1,Strawberry_lethal_yellows_phytoplasma_CPA_NZSb11,980422,MYCOPLASMOTA
GCF_000006625.1,Ureaplasma_parvum_serovar_3_ATCC_700970,273119,MYCOPLASMOTA
GCF_002803985.1,Williamsoniiplasma_luminosum_PIMN-1,214888,MYCOPLASMOTA
GCF_014023125.1,Xianfuyuplasma_coldseepsis_zrk13,2782163,MYCOPLASMOTA
GCF_000022145.1,Anaeromyxobacter_dehalogenans_2CP-1,455488,MYXOCOCCOTA
GCF_001027285.1,Archangium_gephyra_DSM_2261,48,MYXOCOCCOTA
GCF_001189295.1,Chondromyces_crocatus_Cm_c5,52,MYXOCOCCOTA
GCF_000255295.1,Corallococcus_coralloides_DSM_2259,1144275,MYXOCOCCOTA
GCF_002305875.1,Cystobacter_fuscus_DSM_52655,43,MYXOCOCCOTA
GCF_000024805.1,Haliangium_ochraceum_DSM_14365,502025,MYXOCOCCOTA
GCF_001263205.1,Labilithrix_luteola_DSM_27648,1391654,MYXOCOCCOTA
GCF_002305855.1,Melittangium_boletus_DSM_14713,1294270,MYXOCOCCOTA
GCF_007993755.1,Microvenator_marinus_V1718,2600177,MYXOCOCCOTA
GCF_000012685.1,Myxococcus_xanthus_DK_1622,246197,MYXOCOCCOTA
GCF_026965555.1,Nannocystis_poenicansa_FL3,2995304,MYXOCOCCOTA
GCF_007993775.1,Persicimonas_caeni_YN101,2292766,MYXOCOCCOTA
GCF_005144635.2,Polyangium_aurulentum_SDU3-1,2567896,MYXOCOCCOTA
GCF_000737325.1,Sandaracinus_amylolyticus_DSM_53668,927083,MYXOCOCCOTA
GCF_000067165.1,Sorangium_cellulosum_So_ce56,448385,MYXOCOCCOTA
GCF_000165485.1,Stigmatella_aurantiaca_DW43-1,378806,MYXOCOCCOTA
GCF_001263175.1,Vulgatibacter_incomptus_DSM_27710,1391653,MYXOCOCCOTA
GCF_007741515.1,Adhaeretor_mobilis_HG15A2,1930276,PLANCTOMYCETOTA
GCF_007748035.1,Aeoliella_mucimassa_Pan181,2527972,PLANCTOMYCETOTA
GCF_002007645.1,Anaerohalosphaera_lusitana_ST-NAGAB-D1,1936003,PLANCTOMYCETOTA
GCF_007747655.1,Anatilimnocola_aggregata_ETA_A8,2528021,PLANCTOMYCETOTA
GCF_008087625.1,Aquisphaera_giovannonii_OJF2,406548,PLANCTOMYCETOTA
GCF_007752135.1,Aureliella_helgolandensis_Q31a,2527968,PLANCTOMYCETOTA
GCF_007748115.1,Bremerella_volcania_Pan97,2527984,PLANCTOMYCETOTA
GCA_017347445.1,Candidatus_Brocadia_pituitae,2608983,PLANCTOMYCETOTA
GCA_030583625.1,Candidatus_Jettenia_caeni,247490,PLANCTOMYCETOTA
GCF_900232105.1,Candidatus_Kuenenia_stuttgartiensis,174633,PLANCTOMYCETOTA
GCF_009002475.1,Candidatus_Uabimicrobium_amorphum_SRT547,2596890,PLANCTOMYCETOTA
GCF_013128195.2,Frigoriglobus_tundricola_PL17,2774151,PLANCTOMYCETOTA
GCF_001983935.1,Fuerstiella_marisgermanici_NH11,1891926,PLANCTOMYCETOTA
GCF_003149495.1,Gemmata_obscuriglobus_DSM_5831,114,PLANCTOMYCETOTA
GCF_007747015.1,Gimesia_maris_CA11,122,PLANCTOMYCETOTA
GCF_015169395.1,Humisphaera_borealis_M1803,2807512,PLANCTOMYCETOTA
GCF_000186345.1,Isosphaera_pallida_ATCC_43644,575540,PLANCTOMYCETOTA
GCF_009177095.1,Lacipirellula_parvula_PX69,2650471,PLANCTOMYCETOTA
GCF_007751035.1,Lignipirellula_cremea_Pla85_3_4,2528010,PLANCTOMYCETOTA
GCF_001999965.1,Limihaloglobus_sulfuriphilus_SM-Chi-D1,1851148,PLANCTOMYCETOTA
GCF_008254045.1,Limnoglobus_roseus_PX52,2598579,PLANCTOMYCETOTA
GCF_007747795.1,Maioricimonas_rarisocia_Mal4,2528026,PLANCTOMYCETOTA
GCF_008087665.1,Mariniblastus_fucicola_FC18,980251,PLANCTOMYCETOTA
GCF_007748075.1,Mucisphaera_calidilacus_Pan265,2527982,PLANCTOMYCETOTA
GCF_001956985.1,Paludisphaera_borealis_PX4,1387353,PLANCTOMYCETOTA
GCF_000284115.1,Phycisphaera_mikurensis_NBRC_102666,1142394,PLANCTOMYCETOTA
GCF_000025185.1,Pirellula_staleyi_DSM_6068,530564,PLANCTOMYCETOTA
GCF_007750855.1,Pirellulimonas_nuda_Pla175,2528009,PLANCTOMYCETOTA
GCF_001610835.1,Planctomyces_SH-PL14,1632864,PLANCTOMYCETOTA
GCF_000092105.1,Planctopirus_limnophila_DSM_3776,521674,PLANCTOMYCETOTA
GCF_007750395.1,Polystyrenella_longa_Pla110,2528007,PLANCTOMYCETOTA
GCF_007747445.1,Poriferisphaera_corsica_KS4,2528020,PLANCTOMYCETOTA
GCF_000196115.1,Rhodopirellula_baltica_SH_1,243090,PLANCTOMYCETOTA
GCF_008065135.1,Roseimaritima_ulvae_UC8,980254,PLANCTOMYCETOTA
GCF_007751715.1,Rosistilla_oblonga_CA51,2527990,PLANCTOMYCETOTA
GCF_000165715.2,Rubinisphaera_brasiliensis_DSM_5305,756272,PLANCTOMYCETOTA
GCF_007741535.1,Rubripirellula_lacrimiformis_K22.7,1930273,PLANCTOMYCETOTA
GCF_002117005.1,Sedimentisphaera_salicampi_ST-PulAB-D4,1941349,PLANCTOMYCETOTA
GCF_000242455.2,Singulisphaera_acidiphila_DSM_18658,886293,PLANCTOMYCETOTA
GCF_007747995.1,Symmachiella_dynata_Mal52,2527995,PLANCTOMYCETOTA
GCF_018398935.1,Telmatocola_sphagniphila_SP2T,1123043,PLANCTOMYCETOTA
GCF_002277955.1,Thermogutta_terrifontis_R1,1331910,PLANCTOMYCETOTA
GCF_901538355.1,Tuwongella_immobilis,692036,PLANCTOMYCETOTA
GCF_007747215.1,Urbifossiella_limnaea_ETA_A1,2528023,PLANCTOMYCETOTA
GCF_020447305.1,Abyssibius_alkaniclasticus_960558,2881234,ALPHAPROTEOBACTERIA
GCF_000010825.1,Acetobacter_pasteurianus_IFO_3283-01,634452,ALPHAPROTEOBACTERIA
GCF_003352165.1,Acidibrevibacterium_fodinaquatile_G45-3,1969806,ALPHAPROTEOBACTERIA
GCF_000202835.1,Acidiphilium_multivorum_AIU301,926570,ALPHAPROTEOBACTERIA
GCF_030252425.1,Acidisoma_PAMC_29798,3040935,ALPHAPROTEOBACTERIA
GCF_027626035.1,Acidocella_MX-AZ03,2697363,ALPHAPROTEOBACTERIA
GCF_001305615.1,Actibacterium_EMB200-NS6,1609966,ALPHAPROTEOBACTERIA
GCF_022865125.1,Acuticoccus_I52.16.1,2928472,ALPHAPROTEOBACTERIA
GCF_025136295.1,Aestuariispira_ectoiniformans_SWCN16,2775080,ALPHAPROTEOBACTERIA
GCF_000218565.1,Afipia_carboxidovorans_OM5,504832,ALPHAPROTEOBACTERIA
GCF_000092025.1,Agrobacterium_fabrum_C58,176299,ALPHAPROTEOBACTERIA
GCF_009931615.1,Algicella_marina_9Alg_56,2683284,ALPHAPROTEOBACTERIA
GCF_025137635.1,Aliiroseovarius_crassostreae_S044,154981,ALPHAPROTEOBACTERIA
GCF_000016285.1,Allorhizobium_ampelinum_S4,311402,ALPHAPROTEOBACTERIA
GCF_003111685.1,Alloyangia_pacifica_YSBP01,311180,ALPHAPROTEOBACTERIA
GCF_001281485.1,Altererythrobacter_epoxidivorans_CGMCC_1.7731,361183,ALPHAPROTEOBACTERIA
GCF_001605015.1,Aminobacter_aminovorans_KCTC_2477,83263,ALPHAPROTEOBACTERIA
GCF_029854195.1,Amylibacter_IMCC11727,3039851,ALPHAPROTEOBACTERIA
GCF_000013125.1,Anaplasma_phagocytophilum_HZ,212042,ALPHAPROTEOBACTERIA
GCF_010669125.1,Ancylobacter_pratisalsi_DSM_102029,1745854,ALPHAPROTEOBACTERIA
GCF_002237555.1,Antarctobacter_heliothermus_SMS3,74033,ALPHAPROTEOBACTERIA
GCF_014495845.1,Aquibium_microcysteis_NIBR3,675281,ALPHAPROTEOBACTERIA
GCA_030285985.1,Aquidulcibacter_paucihalophilus_19MK03-0.1R-21,1978549,ALPHAPROTEOBACTERIA
GCF_019443285.1,Aquisediminimonas_profunda_DS48-3,1550733,ALPHAPROTEOBACTERIA
GCF_022459015.1,Aristophania_vespae_DM15PD,2697033,ALPHAPROTEOBACTERIA
GCF_001547995.1,Asaia_bogorensis_NBRC_16594,1231624,ALPHAPROTEOBACTERIA
GCF_000175215.2,Asticcacaulis_excentricus_CB_48_CS_48,573065,ALPHAPROTEOBACTERIA
GCF_001886695.1,Aurantiacibacter_gangjinensis_JCM_15420,502682,ALPHAPROTEOBACTERIA
GCF_021391535.1,Aurantimonas_HBX-1,2906072,ALPHAPROTEOBACTERIA
GCF_001442755.1,Aureimonas_AU20,1349819,ALPHAPROTEOBACTERIA
GCF_000010525.1,Azorhizobium_caulinodans_ORS_571,438753,ALPHAPROTEOBACTERIA
GCF_001315015.1,Azospirillum_brasilense_Sp_7,192,ALPHAPROTEOBACTERIA
GCF_000046685.1,Bartonella_quintana_Toulouse,283165,ALPHAPROTEOBACTERIA
GCF_000019845.1,Beijerinckia_indica_sub_indica_ATCC_9039,395963,ALPHAPROTEOBACTERIA
GCF_001402875.1,Blastochloris_viridis_ATCC_19567,1079,ALPHAPROTEOBACTERIA
GCF_001713435.1,Blastomonas_RAC04,1842535,ALPHAPROTEOBACTERIA
GCF_001741865.1,Bosea_vaviloviae_Vaf18,1526658,ALPHAPROTEOBACTERIA
GCA_025846845.1,Boseaceae_bacterium_BT-24-1,2986926,ALPHAPROTEOBACTERIA
GCF_000284375.1,Bradyrhizobium_japonicum_USDA_6,1037409,ALPHAPROTEOBACTERIA
GCF_003432385.1,Breoghania_L-A4,2304600,ALPHAPROTEOBACTERIA
GCF_000144605.1,Brevundimonas_subvibrioides_ATCC_15264,633149,ALPHAPROTEOBACTERIA
GCF_000007125.1,Brucella_melitensis_bv._1_16M,224914,ALPHAPROTEOBACTERIA
GCF_003860345.1,Caenibius_tardaugens_NBRC_16725,1219035,ALPHAPROTEOBACTERIA
GCF_029981845.1,Candidatus_Bandiella_numerosa,2570586,ALPHAPROTEOBACTERIA
GCF_951805245.1,Candidatus_Cytomitobacter_primus,2601575,ALPHAPROTEOBACTERIA
GCF_000319385.1,Candidatus_Endolissoclinum_faulkneri_L2,1193729,ALPHAPROTEOBACTERIA
GCF_000981545.1,Candidatus_Filomicrobium_marinum_strain_Y,1608628,ALPHAPROTEOBACTERIA
GCF_003072485.1,Candidatus_Fokinia_solitaria,1802984,ALPHAPROTEOBACTERIA
GCF_002688585.1,Candidatus_Fonsibacter_ubiquis_LSUCC0530,1925548,ALPHAPROTEOBACTERIA
GCF_021065005.1,Candidatus_Gromoviella_agglomerans_Sp8-1,2806609,ALPHAPROTEOBACTERIA
GCA_002762255.1,Candidatus_Hodgkinia_cicadicola_MAGCAS,573658,ALPHAPROTEOBACTERIA
GCF_021654655.1,Candidatus_Hydrogenosomobacter_endosymbioticus,2558174,ALPHAPROTEOBACTERIA
GCF_000219355.1,Candidatus_Midichloria_mitochondrii_IricVA,696127,ALPHAPROTEOBACTERIA
GCF_960610765.1,Candidatus_Nesciobacter_abundans,2601668,ALPHAPROTEOBACTERIA
GCF_002117145.1,Candidatus_Nucleicultrix_amoebiphila_FS5,1414854,ALPHAPROTEOBACTERIA
GCA_023650615.1,Candidatus_Ochrobactrum_gambitense,2994574,ALPHAPROTEOBACTERIA
GCF_000742835.1,Candidatus_Paracaedibacter_acanthamoebae,91604,ALPHAPROTEOBACTERIA
GCA_014896945.1,Candidatus_Paracaedibacteraceae_bacterium_Lake_Konstanz,2741701,ALPHAPROTEOBACTERIA
GCF_000195085.1,Candidatus_Pelagibacter_IMCC9063,1002672,ALPHAPROTEOBACTERIA
GCF_003015145.1,Candidatus_Phycorickettsia_trachydisci,2115978,ALPHAPROTEOBACTERIA
GCF_000024465.1,Candidatus_Puniceispirillum_marinum_IMCC1322,488538,ALPHAPROTEOBACTERIA
GCF_008189685.1,Candidatus_Sneabacter_namystus,2601646,ALPHAPROTEOBACTERIA
GCA_002005325.1,Candidatus_Tokpelaia_hoelldoblerii,1902579,ALPHAPROTEOBACTERIA
GCF_963422225.1,Candidatus_Trichorickettsia_mobilis,1346319,ALPHAPROTEOBACTERIA
GCF_001679665.1,Candidatus_Viadribacter_manganicus_A272,1759059,ALPHAPROTEOBACTERIA
GCF_000006905.1,Caulobacter_vibrioides_CB15,190650,ALPHAPROTEOBACTERIA
GCF_000819565.1,Celeribacter_indicus_P73,1208324,ALPHAPROTEOBACTERIA
GCF_000021005.1,Cereibacter_sphaeroides_KD131_KCTC_12085,557760,ALPHAPROTEOBACTERIA
GCF_029457495.1,Chelativorans_AA-79,3028735,ALPHAPROTEOBACTERIA
GCF_001271345.1,Chelatococcus_CO-6,1702325,ALPHAPROTEOBACTERIA
GCF_019797865.1,Chenggangzhangella_methanolivorans_CHL1,1437009,ALPHAPROTEOBACTERIA
GCF_014126615.1,Ciceribacter_thiooxidans_F43B,1969821,ALPHAPROTEOBACTERIA
GCF_001304795.1,Citromicrobium_JL477,1634516,ALPHAPROTEOBACTERIA
GCF_017798205.1,Cognatishimia_activa_ECT2AJA-044,1715691,ALPHAPROTEOBACTERIA
GCF_900215505.1,Cohaesibacter_ES.047,1798205,ALPHAPROTEOBACTERIA
GCF_003691365.1,Commensalibacter_melissae_AMU001,2070537,ALPHAPROTEOBACTERIA
GCF_001008165.2,Croceibacterium_atlanticum_26DY36,1267766,ALPHAPROTEOBACTERIA
GCF_001661675.2,Croceicoccus_marinus_E4A9,450378,ALPHAPROTEOBACTERIA
GCF_014672695.1,Defluviicoccus_vanus_Ben_114,111831,ALPHAPROTEOBACTERIA
GCF_001402915.1,Devosia_A16,1736675,ALPHAPROTEOBACTERIA
GCF_000018145.1,Dinoroseobacter_shibae_DFL_12_DSM_16493,398580,ALPHAPROTEOBACTERIA
GCF_000013145.1,Ehrlichia_chaffeensis_Arkansas,205920,ALPHAPROTEOBACTERIA
GCF_019203965.1,Elioraea_tepida_MS-P2,2843330,ALPHAPROTEOBACTERIA
GCF_030246845.1,Enhydrobacter_bin_2004,1894999,ALPHAPROTEOBACTERIA
GCF_000697965.2,Ensifer_adhaerens_Casida_A,106592,ALPHAPROTEOBACTERIA
GCF_014672835.1,Entomobacter_blattae_G55GP,2762277,ALPHAPROTEOBACTERIA
GCF_000013005.1,Erythrobacter_litoralis_HTCC2594,314225,ALPHAPROTEOBACTERIA
GCF_000812665.2,Falsihalocynthiibacter_arcticus_PAMC_20958,1579316,ALPHAPROTEOBACTERIA
GCF_018279165.1,Falsirhodobacter_algicola_PG104,2692330,ALPHAPROTEOBACTERIA
GCF_007197755.1,Ferrovibrio_terrae_K5,2594003,ALPHAPROTEOBACTERIA
GCF_006542395.2,Formicincola_oecophyllae_F3b2,2558361,ALPHAPROTEOBACTERIA
GCF_001620265.1,Frigidibacter_mobilis_cai42,1335048,ALPHAPROTEOBACTERIA
GCF_003071405.1,Fuscovulum_blasticum_285,1075,ALPHAPROTEOBACTERIA
GCA_029814805.1,Geminicoccaceae_bacterium_SCSIO_64248,3035935,ALPHAPROTEOBACTERIA
GCF_003060865.1,Gemmobacter_aquarius_HYN0069,2169400,ALPHAPROTEOBACTERIA
GCF_003952725.1,Georhizobium_profundi_WS11,2341112,ALPHAPROTEOBACTERIA
GCF_028463845.1,Gimibacter_soli_6D33,3024400,ALPHAPROTEOBACTERIA
GCF_000021325.1,Gluconacetobacter_diazotrophicus_PA1_5_ATCC_49037,272568,ALPHAPROTEOBACTERIA
GCF_000583855.1,Gluconobacter_oxydans_DSM_3504,1288313,ALPHAPROTEOBACTERIA
GCF_004000605.1,Glycocaulis_alkaliphilus_6B-8,1434191,ALPHAPROTEOBACTERIA
GCF_000014285.2,Granulibacter_bethesdensis_CGDNIH1,391165,ALPHAPROTEOBACTERIA
GCF_019297855.1,Gymnodinialimonas_ceratoperidinii_J12C1-MA-4,2856823,ALPHAPROTEOBACTERIA
GCF_004328555.1,Haematobacter_massiliensis_OT1,195105,ALPHAPROTEOBACTERIA
GCF_001611975.1,Haematospirillum_jordaniae_H5569,1549855,ALPHAPROTEOBACTERIA
GCF_005144965.1,Hankyongella_ginsenosidimutans_W1-2-3,1763828,ALPHAPROTEOBACTERIA
GCF_900231165.1,Hartmannibacter_diazotrophicus_E19T,1482074,ALPHAPROTEOBACTERIA
GCF_000023785.1,Hirschia_baltica_ATCC_49814,582402,ALPHAPROTEOBACTERIA
GCF_001011155.1,Hoeflea_sp._IMCC20628,1620421,ALPHAPROTEOBACTERIA
GCF_008728835.1,Hypericibacter_adhaerens_R5959,2602016,ALPHAPROTEOBACTERIA
GCF_014323565.1,Hyphobacterium_CCMP332,2749086,ALPHAPROTEOBACTERIA
GCF_028748065.1,Hyphococcus_flavus_MCCC_1K03223,1866326,ALPHAPROTEOBACTERIA
GCF_000253295.1,Hyphomicrobium_MC1,717785,ALPHAPROTEOBACTERIA
GCF_000013025.1,Hyphomonas_neptunium_ATCC_15444,228405,ALPHAPROTEOBACTERIA
GCF_003568845.1,Indioceanicola_profundi_SCSIO_08040,2220096,ALPHAPROTEOBACTERIA
GCF_000013565.1,Jannaschia_CCS1,290400,ALPHAPROTEOBACTERIA
GCF_026898155.1,Jiella_pelagia_HL-NP1,2986949,ALPHAPROTEOBACTERIA
GCF_016629525.1,Kaistia_32K,2795690,ALPHAPROTEOBACTERIA
GCF_015482775.1,Kaustia_mangrovi_R1DC25,2593653,ALPHAPROTEOBACTERIA
GCF_000164885.1,Ketogulonicigenium_vulgare_Y25,880591,ALPHAPROTEOBACTERIA
GCF_000550765.1,Komagataeibacter_xylinus_E25,1296990,ALPHAPROTEOBACTERIA
GCF_015240255.1,Kordiimonas_pumila_N18,2161677,ALPHAPROTEOBACTERIA
GCF_001787335.1,Kozakia_baliensis_DSM_14400,153496,ALPHAPROTEOBACTERIA
GCF_001579905.1,Labrenzia_CP4,1674922,ALPHAPROTEOBACTERIA
GCF_008330945.1,Labrys_KNU-23,2789216,ALPHAPROTEOBACTERIA
GCF_000511355.1,Leisingera_methylohalidivorans_DSM_14336_MB2,999552,ALPHAPROTEOBACTERIA
GCF_030159915.1,Lentibacter_algarum_SH36,576131,ALPHAPROTEOBACTERIA
GCF_900537175.1,Lentilitoribacter_Alg239-R112,2305987,ALPHAPROTEOBACTERIA
GCF_000325745.1,Liberibacter_crescens_BT-1,1215343,ALPHAPROTEOBACTERIA
GCF_013201075.1,Lichenicola_cladoniae_PAMC_26569,1484109,ALPHAPROTEOBACTERIA
GCF_004323635.1,Lichenihabitans_psoromatis_PAMC_29148,2528642,ALPHAPROTEOBACTERIA
GCF_024206795.1,Loktanella_salsilacus_1A07899,195913,ALPHAPROTEOBACTERIA
GCF_005849285.1,Luteithermobacter_gelatinilyticus_MEBiC09520,2582913,ALPHAPROTEOBACTERIA
GCF_000014865.1,Magnetococcus_marinus_MC-1,156889,ALPHAPROTEOBACTERIA
GCF_000968135.1,Magnetospira_QH-2,1288970,ALPHAPROTEOBACTERIA
GCF_000009985.1,Magnetospirillum_magneticum_AMB-1,342108,ALPHAPROTEOBACTERIA
GCF_011405015.1,Mameliella_alba_KU6B,561184,ALPHAPROTEOBACTERIA
GCF_009363795.1,Maribius_THAF1,2587842,ALPHAPROTEOBACTERIA
GCF_000014745.1,Maricaulis_maris_MCS10,394221,ALPHAPROTEOBACTERIA
GCF_021611515.1,Mariluticola_halotolerans_LMO-2,2909283,ALPHAPROTEOBACTERIA
GCF_017161425.1,Marinicauda_algicola_RMAR8-3,2029849,ALPHAPROTEOBACTERIA
GCF_003433515.1,Maritalea_myrionectae_HL2708#5,454601,ALPHAPROTEOBACTERIA
GCF_001908835.1,Marivivens_JLT3646,1920883,ALPHAPROTEOBACTERIA
GCF_030264275.1,Marivivens_LCG002,3051171,ALPHAPROTEOBACTERIA
GCF_002043005.1,Martelella_mediterranea_DSM_17316_MACL11,1122214,ALPHAPROTEOBACTERIA
GCF_000009625.1,Mesorhizobium_japonicum_MAFF_303099,266835,ALPHAPROTEOBACTERIA
GCF_000022085.1,Methylobacterium_nodulans_ORS_2060,460265,ALPHAPROTEOBACTERIA
GCF_029855125.1,Methylocapsa_D3K7,3041435,ALPHAPROTEOBACTERIA
GCF_000828475.1,Methyloceanibacter_caenitepidi_Gela4,1384459,ALPHAPROTEOBACTERIA
GCF_000021745.1,Methylocella_silvestris_BL2,395965,ALPHAPROTEOBACTERIA
GCF_000304315.1,Methylocystis_SC2,187303,ALPHAPROTEOBACTERIA
GCF_013341275.1,Methyloligella_GL2,2742204,ALPHAPROTEOBACTERIA
GCF_000022685.1,Methylorubrum_extorquens_AM1,272630,ALPHAPROTEOBACTERIA
GCF_002752655.1,Methylosinus_trichosporium_OB3b,595536,ALPHAPROTEOBACTERIA
GCF_004135935.1,Methylovirgula_ligni_BW863,569860,ALPHAPROTEOBACTERIA
GCF_002741015.1,Microvirga_ossetica_V53m,1882682,ALPHAPROTEOBACTERIA
GCF_029909415.1,Minwuia_IMCC3009,3040674,ALPHAPROTEOBACTERIA
GCF_002005465.1,Neoasaia_chiangmaiensis_NBRC_101099,320497,ALPHAPROTEOBACTERIA
GCF_024299005.1,Neoehrlichia_mikurensis,89586,ALPHAPROTEOBACTERIA
GCF_006542335.1,Neokomagataea_tanensis_AH13_NBRC_106556,661191,ALPHAPROTEOBACTERIA
GCF_000731315.1,Neorhizobium_galegae_bv._orientalis_HAMBI_540,1028800,ALPHAPROTEOBACTERIA
GCF_000013165.1,Neorickettsia_sennetsu_Miyayama,222891,ALPHAPROTEOBACTERIA
GCF_019623905.1,Neotabrizicola_shimadae_N10,2807096,ALPHAPROTEOBACTERIA
GCF_024662015.1,Nisaea_acidiphila_MEBiC11861,1862145,ALPHAPROTEOBACTERIA
GCF_003296175.1,Nitratireductor_OM-1,1756988,ALPHAPROTEOBACTERIA
GCF_000013885.1,Nitrobacter_hamburgensis_X14,323097,ALPHAPROTEOBACTERIA
GCF_000730165.1,Nitrospirillum_amazonense_CBAmc,1441467,ALPHAPROTEOBACTERIA
GCF_002868735.1,Niveispirillum_cyanobacteriorum_TH16,1612173,ALPHAPROTEOBACTERIA
GCF_011046735.1,Nordella_HKS_07,2712222,ALPHAPROTEOBACTERIA
GCF_014843995.1,Novacetimonas_hansenii_C110,436,ALPHAPROTEOBACTERIA
GCF_001742225.1,Novosphingobium_resinovorum_SA1,158500,ALPHAPROTEOBACTERIA
GCF_014334095.1,Novosphingopyxis_iocasae_PB63,2762729,ALPHAPROTEOBACTERIA
GCF_006351965.1,Oceanicola_D3,2587163,ALPHAPROTEOBACTERIA
GCF_000155735.2,Octadecabacter_arcticus_238,391616,ALPHAPROTEOBACTERIA
GCF_006542375.1,Oecophyllibacter_saccharovorans_Ha5,2558360,ALPHAPROTEOBACTERIA
GCF_013358405.1,Oricola_thermophila_MEBiC13590,2742145,ALPHAPROTEOBACTERIA
GCF_000010205.1,Orientia_tsutsugamushi_Ikeda,334380,ALPHAPROTEOBACTERIA
GCF_002504165.1,Pacificitalea_manganoxidans_DY25,1411902,ALPHAPROTEOBACTERIA
GCF_032931615.1,Palleronia_LCG004,3079304,ALPHAPROTEOBACTERIA
GCF_001484065.1,Pannonibacter_phragmitetus_31801,121719,ALPHAPROTEOBACTERIA
GCF_000203895.1,Paracoccus_denitrificans_PD1222,318586,ALPHAPROTEOBACTERIA
GCF_016801025.1,Paradevosia_shaoguanensis_J5-3,1335043,ALPHAPROTEOBACTERIA
GCF_029277445.1,Pararhizobium_T808,3031126,ALPHAPROTEOBACTERIA
GCF_000284415.1,Pararhodospirillum_photometricum_DSM_122,1150469,ALPHAPROTEOBACTERIA
GCF_002079945.1,Parasaccharibacter_apium_G7_7_3c,1510841,ALPHAPROTEOBACTERIA
GCF_004006175.1,Parasedimentitalea_marina_W43,2483033,ALPHAPROTEOBACTERIA
GCF_013378075.1,Parasphingopyxis_algicola_JCM_31719,2026624,ALPHAPROTEOBACTERIA
GCF_020906275.1,Parasphingorhabdus_litoris_DSM_22379,1123271,ALPHAPROTEOBACTERIA
GCF_001687545.1,Paraurantiacibacter_namhicola_JCM_16345,645517,ALPHAPROTEOBACTERIA
GCF_006385135.1,Paremcibacter_congregatus_ZYLT,2043170,ALPHAPROTEOBACTERIA
GCF_005887635.2,Paroceanicella_profunda_D4M1,2579971,ALPHAPROTEOBACTERIA
GCF_000017565.1,Parvibaculum_lavamentivorans_DS-1,402881,ALPHAPROTEOBACTERIA
GCF_000152825.2,Parvularcula_bermudensis_HTCC2503,314260,ALPHAPROTEOBACTERIA
GCF_001028625.1,Pelagerythrobacter_marensis_KCTC_22370,543877,ALPHAPROTEOBACTERIA
GCF_000230555.1,Pelagibacterium_halotolerans_B2,1082931,ALPHAPROTEOBACTERIA
GCF_016134045.1,Pelagovum_pacificum_SM1903,2588711,ALPHAPROTEOBACTERIA
GCF_005860795.2,Peteryoungia_desertarenae_ADMK78,1813451,ALPHAPROTEOBACTERIA
GCF_000511385.1,Phaeobacter_gallaeciensis_DSM_26640,1423144,ALPHAPROTEOBACTERIA
GCF_000017265.1,Phenylobacterium_zucineum_HLK1,450851,ALPHAPROTEOBACTERIA
GCF_003008515.1,Phreatobacter_cathodiphilus_S-12,1868589,ALPHAPROTEOBACTERIA
GCF_002764115.1,Phyllobacterium_zundukense_Tri-48_RCAM_03910,1867719,ALPHAPROTEOBACTERIA
GCF_011044155.1,Pikeienuella_piscinae_RR4-56,2748098,ALPHAPROTEOBACTERIA
GCA_003966995.1,Pleomorphomonas_SM30,1885025,ALPHAPROTEOBACTERIA
GCF_018982885.2,Polymorphobacter_megasporae_PAMC_29362,2835787,ALPHAPROTEOBACTERIA
GCF_000192745.1,Polymorphum_gilvum_SL003B-26A1,991905,ALPHAPROTEOBACTERIA
GCF_011290545.1,Pontibrevibacter_nitratireducens_ALG8,2758038,ALPHAPROTEOBACTERIA
GCF_016806125.1,Ponticoccus_alexandrii_C31,1943633,ALPHAPROTEOBACTERIA
GCF_015679265.1,Pontivivens_ytuae_MT2928,2789856,ALPHAPROTEOBACTERIA
GCF_001720465.1,Porphyrobacter_LM_6,1896196,ALPHAPROTEOBACTERIA
GCF_003544895.1,Profundibacter_amoris_BAR1,2171755,ALPHAPROTEOBACTERIA
GCF_028869115.1,Pseudemcibacter_aquimaris_Y4,2857064,ALPHAPROTEOBACTERIA
GCF_018436245.1,Pseudochrobactrum_algeriensis,2834768,ALPHAPROTEOBACTERIA
GCF_011040495.1,Pseudohalocynthiibacter_aestuariivivens_RR4-35,1591409,ALPHAPROTEOBACTERIA
GCF_005153485.1,Pseudolabrys_sp._FHR47,2562284,ALPHAPROTEOBACTERIA
GCF_003590145.2,Pseudooceanicola_algae_Lw-13e,1537215,ALPHAPROTEOBACTERIA
GCF_014899185.1,Pseudopuniceibacterium_antarcticum_HQ09,2613965,ALPHAPROTEOBACTERIA
GCF_000967425.1,Pseudorhizobium_banfieldiae_NT-26,1125847,ALPHAPROTEOBACTERIA
GCF_005234135.1,Pseudorhodobacter_turbinis_S12M18,2500533,ALPHAPROTEOBACTERIA
GCF_002119765.1,Pseudorhodoplanes_sinuspersici_RIPI110,1235591,ALPHAPROTEOBACTERIA
GCF_027920465.1,Pseudoroseomonas_cervicalis_PL22-11A,204525,ALPHAPROTEOBACTERIA
GCF_002222635.1,Pseudosulfitobacter_pseudonitzschiae_SMR1,1402135,ALPHAPROTEOBACTERIA
GCF_003008555.2,Pukyongiella_litopenaei_SH-1,2605946,ALPHAPROTEOBACTERIA
GCF_012848855.1,Pyruvatibacter_mobilis_CGMCC_1.15125,1712261,ALPHAPROTEOBACTERIA
GCF_007855645.1,Qingshengfaniella_alkalisoli_LN3S51,2599296,ALPHAPROTEOBACTERIA
GCF_008932225.1,Qipengyuania_flava_21-3,192812,ALPHAPROTEOBACTERIA
GCF_000009265.1,Rhizobium_johnstonii_3841,216596,ALPHAPROTEOBACTERIA
GCF_002355275.1,Rhizorhabdus_dicambivorans_Ndbn-20,1850238,ALPHAPROTEOBACTERIA
GCF_001870665.2,Rhodobaca_barguzinensis_alga05,441209,ALPHAPROTEOBACTERIA
GCF_000021865.1,Rhodobacter_capsulatus_SB_1003,272942,ALPHAPROTEOBACTERIA
GCA_003330885.1,Rhodobiaceae_bacterium_SMS8,2026785,ALPHAPROTEOBACTERIA
GCA_013693735.1,Rhodoblastus_SSC7,1962975,ALPHAPROTEOBACTERIA
GCF_000166055.1,Rhodomicrobium_vannielii_ATCC_17100,648757,ALPHAPROTEOBACTERIA
GCF_004751985.1,Rhodophyticola_CCM32,2916397,ALPHAPROTEOBACTERIA
GCF_001579845.1,Rhodoplanes_Z2-YC6860,674703,ALPHAPROTEOBACTERIA
GCF_000195775.2,Rhodopseudomonas_palustris_CGA009,258594,ALPHAPROTEOBACTERIA
GCF_000013085.1,Rhodospirillum_rubrum_ATCC_11170,269796,ALPHAPROTEOBACTERIA
GCF_937425535.1,Rhodovastum_atsumiense_G2-11,504468,ALPHAPROTEOBACTERIA
GCF_001633165.1,Rhodovulum_sulfidophilum_DSM_1374,1188256,ALPHAPROTEOBACTERIA
GCF_000195735.1,Rickettsia_prowazekii_Madrid_E,272947,ALPHAPROTEOBACTERIA
GCF_003932735.1,Rickettsiales_endosymbiont_of_Stachyamoeba_lipophora_RICK01,2486578,ALPHAPROTEOBACTERIA
GCF_000590925.1,Roseibacterium_elongatum_DSM_19469_DFL-43,1294273,ALPHAPROTEOBACTERIA
GCF_001999245.1,Roseibium_aggregatum_RMAR6-6,187304,ALPHAPROTEOBACTERIA
GCF_014681765.1,Roseicitreum_antarcticum_ZS2-28,564137,ALPHAPROTEOBACTERIA
GCF_029581395.1,Roseinatronobacter_S2,3035471,ALPHAPROTEOBACTERIA
GCF_004331955.1,Roseitalea_porphyridii_MA7-20,1852022,ALPHAPROTEOBACTERIA
GCF_022410435.1,Roseivivax_marinus_TCYB24,1379903,ALPHAPROTEOBACTERIA
GCF_000154785.2,Roseobacter_litoralis_Och_149,391595,ALPHAPROTEOBACTERIA
GCF_014764365.1,Roseococcus_microcysteis_NIBR12,2771361,ALPHAPROTEOBACTERIA
GCF_001941945.1,Roseomonas_gilardii_U14-5,257708,ALPHAPROTEOBACTERIA
GCF_002080415.1,Roseovarius_mucosus_SMR3,215743,ALPHAPROTEOBACTERIA
GCF_000011965.2,Ruegeria_pomeroyi_DSS-3,246200,ALPHAPROTEOBACTERIA
GCF_002814095.1,Sagittula_P11,2009329,ALPHAPROTEOBACTERIA
GCF_001953055.1,Salaquimonas_pukyongi_RR3-28,2712698,ALPHAPROTEOBACTERIA
GCF_001975705.1,Salipiger_abyssi_JLT2014,1250539,ALPHAPROTEOBACTERIA
GCF_014117445.1,Sandaracinobacteroides_saxicola_M6,2759707,ALPHAPROTEOBACTERIA
GCF_023243115.1,Sediminicoccus_rosea_KRV36,1225128,ALPHAPROTEOBACTERIA
GCF_001652565.1,Shinella_HZN7,879274,ALPHAPROTEOBACTERIA
GCF_003970735.1,Silicimonas_algicola_KC90,1826607,ALPHAPROTEOBACTERIA
GCF_027594485.1,Sinirhodobacter_HNIBRBA609,3015995,ALPHAPROTEOBACTERIA
GCF_000006965.1,Sinorhizobium_meliloti_1021,266834,ALPHAPROTEOBACTERIA
GCF_008843145.1,Skermanella_pratensis_W17,2233999,ALPHAPROTEOBACTERIA
GCF_026409565.1,Sneathiella_aquimaris_216LB-ZA1-12,2599305,ALPHAPROTEOBACTERIA
GCF_000091125.1,Sphingobium_indicum_UT26S,452662,ALPHAPROTEOBACTERIA
GCF_000764535.1,Sphingomonas_taxi_ATCC_55669,1549858,ALPHAPROTEOBACTERIA
GCF_000013985.1,Sphingopyxis_alaskensis_RB2256,317655,ALPHAPROTEOBACTERIA
GCF_002218195.1,Sphingorhabdus_SMR4y,2584094,ALPHAPROTEOBACTERIA
GCF_003967095.1,Sphingosinicella_microcystinivorans_B-9,335406,ALPHAPROTEOBACTERIA
GCF_011057975.1,Sphingosinithalassobacter_tenebrarum_zrk23,2711215,ALPHAPROTEOBACTERIA
GCF_009789575.1,Stappia_indica_PHM037,538381,ALPHAPROTEOBACTERIA
GCF_000092925.1,Starkeya_novella_DSM_506,639283,ALPHAPROTEOBACTERIA
GCF_006738645.1,Stella_humosa_ATCC_43930,94,ALPHAPROTEOBACTERIA
GCF_022788655.1,Sulfitobacter_indolifex_DSM_14862,225422,ALPHAPROTEOBACTERIA
GCF_006542355.1,Swingsia_samuiensis_AH83,1293412,ALPHAPROTEOBACTERIA
GCF_003940805.1,Tabrizicola_piscis_K13M18,2494374,ALPHAPROTEOBACTERIA
GCF_001890385.1,Tardibacter_chloracetimidivorans_JJ-A5,1921510,ALPHAPROTEOBACTERIA
GCF_014189415.1,Tardiphaga_robiniae_581,943830,ALPHAPROTEOBACTERIA
GCF_001969365.1,Tateyamaria_omphalii_DOK1-4,299262,ALPHAPROTEOBACTERIA
GCF_031598375.1,Temperatibacter_marinus_NBRC_110045,1456591,ALPHAPROTEOBACTERIA
GCF_004564135.1,Terasakiella_SH-1,2560057,ALPHAPROTEOBACTERIA
GCF_009792355.1,Terricaulis_silvestris_0127_4,2686094,ALPHAPROTEOBACTERIA
GCF_014191545.1,Terrihabitans_soli_IZ6,708113,ALPHAPROTEOBACTERIA
GCF_004216475.1,Thalassococcus_S3,2017482,ALPHAPROTEOBACTERIA
GCF_000300235.2,Thalassospira_xiamenensis_M-5_DSM_17429,1123366,ALPHAPROTEOBACTERIA
GCA_021555105.2,Thalassospiraceae_bacterium_LMO-JJ14,2909592,ALPHAPROTEOBACTERIA
GCF_012295595.1,Thalassovita_gelatinovora_NEB572,53501,ALPHAPROTEOBACTERIA
GCF_001940525.2,Thioclava_nitratireducens_25B10_4,1915078,ALPHAPROTEOBACTERIA
GCF_000264455.2,Tistrella_mobilis_KA081020-065,1110502,ALPHAPROTEOBACTERIA
GCF_000376545.2,Tritonibacter_mobilis_F1926,1265309,ALPHAPROTEOBACTERIA
GCF_029958925.1,Tropicibacter_oceani_YMD87,3058420,ALPHAPROTEOBACTERIA
GCF_002269345.1,Tsuneonella_mangrovi_C9-11,1982042,ALPHAPROTEOBACTERIA
GCF_002355335.1,Variibacter_gotjawalensis_GJW-30,1333996,ALPHAPROTEOBACTERIA
GCF_029318635.1,Varunaivibrio_sulfuroxidans_TC8,1773489,ALPHAPROTEOBACTERIA
GCF_000022285.1,Wolbachia_wRi,66084,ALPHAPROTEOBACTERIA
GCF_016807805.1,Xanthobacter_dioxanivorans_YN2,2528964,ALPHAPROTEOBACTERIA
GCF_002158905.1,Yoonia_vestfoldensis_SMR4r,245188,ALPHAPROTEOBACTERIA
GCF_008000755.1,Youhaiella_tibetensis_fig4,1447062,ALPHAPROTEOBACTERIA
GCF_000024245.1,Zymomonas_mobilis_sub_mobilis_NCIMB_11163,622759,ALPHAPROTEOBACTERIA
GCA_000299095.1,alpha_proteobacterium_HIMB5,859653,ALPHAPROTEOBACTERIA
GCA_902502875.2,arsenite-oxidising_bacterium_NT-25,97707,ALPHAPROTEOBACTERIA
GCF_000730245.1,endosymbiont_of_Acanthamoeba_UWC8,86106,ALPHAPROTEOBACTERIA
GCF_963457605.1,uncultured_Gellertiella,2040489,ALPHAPROTEOBACTERIA
GCF_000165835.1,Achromobacter_xylosoxidans_A8,762376,BETAPROTEOBACTERIA
GCF_002157165.1,Acidovorax_carolinensis_NA2,553814,BETAPROTEOBACTERIA
GCF_000219915.2,Advenella_kashmirensis_WT001,1036672,BETAPROTEOBACTERIA
GCF_000967305.2,Alcaligenes_faecalis_ZD02,511,BETAPROTEOBACTERIA
GCF_000204645.1,Alicycliphilus_denitrificans_K601,596154,BETAPROTEOBACTERIA
GCF_020162295.1,Alysiella_filiformis_DSM_16848,1120981,BETAPROTEOBACTERIA
GCF_003100395.1,Aquabacterium_olei_NBRC_110486,1296669,BETAPROTEOBACTERIA
GCF_002002905.1,Aquaspirillum_LM1,1938604,BETAPROTEOBACTERIA
GCF_002892535.1,Aquella_oligotrophica_DSM_100970,2067065,BETAPROTEOBACTERIA
GCF_023573145.1,Aquincola_tertiaricarbonis_RN12,391953,BETAPROTEOBACTERIA
GCF_002217795.2,Aquitalea_magnusonii_H3,332411,BETAPROTEOBACTERIA
GCF_000025965.1,Aromatoleum_aromaticum_EbN1,76114,BETAPROTEOBACTERIA
GCF_000349945.1,Azoarcus_KH32C,748247,BETAPROTEOBACTERIA
GCF_000236665.1,Azospira_oryzae_PS,640081,BETAPROTEOBACTERIA
GCF_000743945.1,Basilea_psittacipulmonis_DSM_24701,1072685,BETAPROTEOBACTERIA
GCF_000067205.1,Bordetella_petrii_DSM_12804,94624,BETAPROTEOBACTERIA
GCF_003546465.1,Burkholderia_cepacia_ATCC_25416,983594,BETAPROTEOBACTERIA
GCF_000402035.1,Caballeronia_insecticola_RPE64,758793,BETAPROTEOBACTERIA
GCF_001017435.1,Caldimonas_brevitalea_DSM_7029,413882,BETAPROTEOBACTERIA
GCA_013347225.1,Candidatus_Accumulibacter_similis,2954388,BETAPROTEOBACTERIA
GCA_017347485.1,Candidatus_Desulfobacillus_denitrificans,2608985,BETAPROTEOBACTERIA
GCF_000340795.1,Candidatus_Kinetoplastibacterium_desouzaii_TCC079E,1208919,BETAPROTEOBACTERIA
GCF_000953015.1,Candidatus_Methylopumilus_turicensis_MMS-10A-171,1581680,BETAPROTEOBACTERIA
GCA_001447885.1,Candidatus_Nasuia_deltocephalinicola_PUNC,1160784,BETAPROTEOBACTERIA
GCA_030246985.1,Candidatus_Nitricoxidivorans_perseverans,2975601,BETAPROTEOBACTERIA
GCF_918378365.1,Candidatus_Nitrotoga_arctica_6680,453162,BETAPROTEOBACTERIA
GCF_000441555.1,Candidatus_Profftella_armatura_DC,669502,BETAPROTEOBACTERIA
GCF_000477435.1,Candidatus_Symbiobacter_mobilis_CR,946483,BETAPROTEOBACTERIA
GCA_000219195.1,Candidatus_Tremblaya_princeps_PCIT,891398,BETAPROTEOBACTERIA
GCF_020541305.1,Candidatus_Vallotia_cooleyia,1177211,BETAPROTEOBACTERIA
GCA_003391315.1,Candidatus_Vidania_fulgoroideae_OLIH,881286,BETAPROTEOBACTERIA
GCF_009746125.1,Casimicrobium_huifangae_SJ-1,2591109,BETAPROTEOBACTERIA
GCF_000612685.1,Castellaniella_defragrans_65Phen,1437824,BETAPROTEOBACTERIA
GCF_013403565.1,Chitinibacter_bivalviorum_2T18,2739434,BETAPROTEOBACTERIA
GCF_007431345.1,Chitinimonas_arctica_R3-44,2594795,BETAPROTEOBACTERIA
GCF_025642115.1,Chitiniphilus_CD1,2981137,BETAPROTEOBACTERIA
GCF_008033135.1,Chitinolyticbacter_meiyuanensis_SYBC-H1,682798,BETAPROTEOBACTERIA
GCF_000007705.1,Chromobacterium_violaceum_ATCC_12472,243365,BETAPROTEOBACTERIA
GCF_000221045.1,Collimonas_fungivorans_Ter331,1005048,BETAPROTEOBACTERIA
GCF_000093145.3,Comamonas_thiooxydans_CNB-1,363952,BETAPROTEOBACTERIA
GCF_014054725.1,Conchiformibius_steedae_DSM_2580,153493,BETAPROTEOBACTERIA
GCF_000219215.1,Cupriavidus_necator_N-1,1042878,BETAPROTEOBACTERIA
GCF_020510645.1,Dechloromonas_denitrificans_G6,281362,BETAPROTEOBACTERIA
GCF_013284055.1,Deefgea_piscis_D17,2739061,BETAPROTEOBACTERIA
GCF_000018665.1,Delftia_acidovorans_SPH-1,398578,BETAPROTEOBACTERIA
GCF_902813185.1,Denitratisoma_oestradiolicum_DSM_16959,311182,BETAPROTEOBACTERIA
GCF_002214645.1,Diaphorobacter_nitroreducens_SL-205,164759,BETAPROTEOBACTERIA
GCF_012849375.1,Duganella_dendranthematis_AF9R3,2728021,BETAPROTEOBACTERIA
GCF_928721995.1,Duodenibacillus_massiliensis,1852381,BETAPROTEOBACTERIA
GCF_003990355.1,Eikenella_corrodens_KCOM_3110,539,BETAPROTEOBACTERIA
GCF_030419005.1,Eleftheria_terrae_P9846-PB,1597781,BETAPROTEOBACTERIA
GCF_003339525.1,Ephemeroptericola_cinctiostellae_F02,2268024,BETAPROTEOBACTERIA
GCF_020510565.1,Ferribacterium_limneticum_77,76259,BETAPROTEOBACTERIA
GCF_018324385.1,Ferrigenium_kumadai_An22,1682490,BETAPROTEOBACTERIA
GCF_000974685.2,Ferriphaselus_amnicola_OYT1,1188319,BETAPROTEOBACTERIA
GCF_013181415.1,Ferrovum_myxofaciens,416213,BETAPROTEOBACTERIA
GCF_009938305.1,Fluviibacter_phosphoraccumulans_ICHIAU1,1751046,BETAPROTEOBACTERIA
GCF_000145255.1,Gallionella_capsiferriformans_ES-2,395494,BETAPROTEOBACTERIA
GCF_016917355.1,Glaciimonas_PAMC28666,2807626,BETAPROTEOBACTERIA
GCF_000143225.1,Herbaspirillum_seropedicae_SmR1,757424,BETAPROTEOBACTERIA
GCA_000026125.1,Herminiimonas_arsenicoxydans,204773,BETAPROTEOBACTERIA
GCF_000263795.2,Hydrogenophaga_PBC,795665,BETAPROTEOBACTERIA
GCF_021049305.1,Ideonella_dechloratans_CCUG_30977,36863,BETAPROTEOBACTERIA
GCF_005952805.1,Inhella_inkyongensis_IMCC1713,392593,BETAPROTEOBACTERIA
GCF_003952345.1,Iodobacter_ciconiae_H11R3,2496266,BETAPROTEOBACTERIA
GCF_000013625.1,Janthinobacterium_Marseille,375286,BETAPROTEOBACTERIA
GCF_001808185.1,Jeongeupia_USM3,1906741,BETAPROTEOBACTERIA
GCF_004551665.1,Kerstersia_gyiorum_SWMUKG01,206506,BETAPROTEOBACTERIA
GCF_900475905.1,Kingella_kingae_NCTC10529,504,BETAPROTEOBACTERIA
GCF_015624425.1,Kinneretia_DAIF2,2714952,BETAPROTEOBACTERIA
GCF_000021025.1,Laribacter_hongkongensis_HLHK9,557598,BETAPROTEOBACTERIA
GCF_900637555.1,Lautropia_mirabilis_NCTC12852,47671,BETAPROTEOBACTERIA
GCF_000019785.1,Leptothrix_cholodnii_SP-6,395495,BETAPROTEOBACTERIA
GCF_013004065.1,Limnobacter_SAORIC-580,2732163,BETAPROTEOBACTERIA
GCF_001412535.1,Limnohabitans_63ED37-2,1678128,BETAPROTEOBACTERIA
GCF_015689335.1,Massilia_antarctica_P8398,2765360,BETAPROTEOBACTERIA
GCF_001941825.1,Massilia_putida_6NM-7,1141883,BETAPROTEOBACTERIA
GCF_003008575.1,Melaminivora_suipulveris_SC2-9,2109913,BETAPROTEOBACTERIA
GCF_000015725.1,Methylibium_petroleiphilum_PM1,420662,BETAPROTEOBACTERIA
GCF_000013705.1,Methylobacillus_flagellatus_KT,265072,BETAPROTEOBACTERIA
GCF_001183865.1,Methylophilus_TWE2,1662285,BETAPROTEOBACTERIA
GCF_019703875.1,Methyloradius_palustris_Zm11,2778876,BETAPROTEOBACTERIA
GCF_000093025.1,Methylotenera_versatilis_301,666681,BETAPROTEOBACTERIA
GCF_001713355.1,Methyloversatilis_RAC08,1842540,BETAPROTEOBACTERIA
GCF_000023745.1,Methylovorus_glucosotrophus_SIP3-4,582744,BETAPROTEOBACTERIA
GCF_003051865.1,Microvirgula_aerodenitrificans_BE2.4,57480,BETAPROTEOBACTERIA
GCF_001653795.1,Mitsuaria_7,1658665,BETAPROTEOBACTERIA
GCF_022749515.1,Morococcus_cerebrosus_CIP_81.93,1056807,BETAPROTEOBACTERIA
GCF_000198775.1,Mycetohabitans_rhizoxinica_HKI_454,882378,BETAPROTEOBACTERIA
GCF_003966915.1,Mycoavidus_cysteinexigens_B1EB,1553431,BETAPROTEOBACTERIA
GCF_000006845.1,Neisseria_gonorrhoeae_FA_1090,242231,BETAPROTEOBACTERIA
GCF_000008805.1,Neisseria_meningitidis_MC58,122586,BETAPROTEOBACTERIA
GCF_010983895.1,Nitrogeniibacter_mangrovi_M9-3-2,2016596,BETAPROTEOBACTERIA
GCF_000009145.1,Nitrosomonas_europaea_ATCC_19718,228410,BETAPROTEOBACTERIA
GCF_000196355.1,Nitrosospira_multiformis_ATCC_25196,323848,BETAPROTEOBACTERIA
GCF_017161445.1,Niveibacterium_microcysteis_HC41,2811415,BETAPROTEOBACTERIA
GCF_007874125.1,Noviherbaspirillum_UKPF54,2601898,BETAPROTEOBACTERIA
GCF_002984485.1,Oligella_urethralis_FDAARGOS_329,90245,BETAPROTEOBACTERIA
GCF_900089455.2,Orrella_dioscoreae,1851544,BETAPROTEOBACTERIA
GCF_008274805.1,Oryzomicrobium_terrae_TPP412,1735038,BETAPROTEOBACTERIA
GCF_003008535.1,Ottowia_oryzae_KADR8-3,2109914,BETAPROTEOBACTERIA
GCF_002127965.1,Oxalobacter_formigenes_HC-1,847,BETAPROTEOBACTERIA
GCF_014489595.1,Paenacidovorax_monticola_KACC_19171,1926868,BETAPROTEOBACTERIA
GCF_002005365.1,Paenalcaligenes_hominis_microbial,643674,BETAPROTEOBACTERIA
GCF_018802605.1,Paludibacterium_paludis_BCRC_80514,1225769,BETAPROTEOBACTERIA
GCF_000590495.2,Pandoraea_pnomenusa_3kgm,1416914,BETAPROTEOBACTERIA
GCF_000013645.1,Paraburkholderia_xenovorans_LB400,266265,BETAPROTEOBACTERIA
GCF_000176855.2,Paracidovorax_avenae_ATCC_19860,643561,BETAPROTEOBACTERIA
GCF_021266465.1,Paralcaligenes_KSB-10,2901142,BETAPROTEOBACTERIA
GCF_016894345.1,Paralysiella_testudinis_26B,2809020,BETAPROTEOBACTERIA
GCF_003111645.1,Parazoarcus_communis_TSPY31,41977,BETAPROTEOBACTERIA
GCF_001477625.1,Paucibacter_KCTC_42545,1768242,BETAPROTEOBACTERIA
GCF_009833965.1,Pelistega_ratti_NLN63,2652177,BETAPROTEOBACTERIA
GCF_003854895.1,Pigmentiphaga_H8,2488560,BETAPROTEOBACTERIA
GCF_029855045.1,Piscinibacter_XHJ-5,3037797,BETAPROTEOBACTERIA
GCF_000013865.1,Polaromonas_JS666,296591,BETAPROTEOBACTERIA
GCF_004022565.1,Pollutimonas_thiosulfatoxidans_YE3,2028345,BETAPROTEOBACTERIA
GCF_000016345.1,Polynucleobacter_asymbioticus_QLW-P1DMWA-1,312153,BETAPROTEOBACTERIA
GCF_002872475.1,Pseudazoarcus_pumilus_SY39,2067960,BETAPROTEOBACTERIA
GCF_004322755.1,Pseudoduganella_albidiflava_DSM_17472,321983,BETAPROTEOBACTERIA
GCF_000283535.1,Pseudogulbenkiania_NH8B,748280,BETAPROTEOBACTERIA
GCF_003345255.1,Pseudothauera_hydrothermalis_GD-2,2184083,BETAPROTEOBACTERIA
GCF_003013695.1,Pulveribacter_suum_SC2-7,2116657,BETAPROTEOBACTERIA
GCF_000209655.1,Pusillimonas_T7-7,1007105,BETAPROTEOBACTERIA
GCF_020510525.1,Quatrionicoccus_australiensis_D9,138118,BETAPROTEOBACTERIA
GCF_000009125.1,Ralstonia_pseudosolanacearum_GMI1000,267608,BETAPROTEOBACTERIA
GCF_000215705.1,Ramlibacter_tataouinensis_TTB310,365046,BETAPROTEOBACTERIA
GCF_002116905.1,Rhizobacter_gummiphilus_NS21,946333,BETAPROTEOBACTERIA
GCA_002863805.1,Rhodocyclaceae_bacterium_Thauera-like,1898103,BETAPROTEOBACTERIA
GCF_000013605.1,Rhodoferax_ferrireducens_T118_DSM_15236,338969,BETAPROTEOBACTERIA
GCF_001483865.1,Roseateles_depolymerans_KCTC_42856,76731,BETAPROTEOBACTERIA
GCF_000284255.1,Rubrivivax_gelatinosus_IL144,983917,BETAPROTEOBACTERIA
GCF_029834475.1,Rugamonas_DEMB1,3039386,BETAPROTEOBACTERIA
GCF_000934545.1,Rugosibacter_aromaticivorans_Ca6,1565605,BETAPROTEOBACTERIA
GCF_000828895.1,Serpentinimonas_raichei_A1,1458425,BETAPROTEOBACTERIA
GCF_021654335.1,Sideroxyarcus_emersonii_MIZ01,2764705,BETAPROTEOBACTERIA
GCF_000025705.1,Sideroxydans_lithotrophicus_ES-1,580332,BETAPROTEOBACTERIA
GCF_030035605.1,Silvimonas_soli_17-6,2980100,BETAPROTEOBACTERIA
GCF_002951835.1,Simonsiella_muelleri_ATCC_29453,641147,BETAPROTEOBACTERIA
GCF_003008595.1,Simplicispira_suum_SC1-8,2109915,BETAPROTEOBACTERIA
GCF_000600005.1,Snodgrassella_alvi_wkB2,1196094,BETAPROTEOBACTERIA
GCF_008329925.1,Sphaerotilus_sulfidivorans_D-507,639200,BETAPROTEOBACTERIA
GCF_000297055.2,Sulfuricella_denitrificans_skB26,1163617,BETAPROTEOBACTERIA
GCF_003966565.1,Sulfuricystis_multivorans_J5B,2211108,BETAPROTEOBACTERIA
GCF_002162035.1,Sulfuriferula_AH1,1985873,BETAPROTEOBACTERIA
GCF_011764585.1,Sulfurimicrobium_lacus_skT11,2715678,BETAPROTEOBACTERIA
GCF_000828635.1,Sulfuritalea_hydrogenivorans_sk43H_DSM_22779,1223802,BETAPROTEOBACTERIA
GCF_003967275.1,Sulfuritortus_calidifontis_J1A,1914471,BETAPROTEOBACTERIA
GCF_003609995.1,Sutterella_megalosphaeroides_6FBBBH3,2494234,BETAPROTEOBACTERIA
GCF_000226625.1,Taylorella_asinigenitalis_MCE3,1008459,BETAPROTEOBACTERIA
GCF_029223865.1,Telluria_mixta_ACM_1762,34071,BETAPROTEOBACTERIA
GCF_020162115.1,Tepidimonas_taiwanensis_LMG_22826,307486,BETAPROTEOBACTERIA
GCF_000021765.1,Thauera_MZ1T,85643,BETAPROTEOBACTERIA
GCF_000012745.1,Thiobacillus_denitrificans_ATCC_25259,292415,BETAPROTEOBACTERIA
GCF_002028405.1,Thiomonas_intermedia_ATCC_15466,926,BETAPROTEOBACTERIA
GCF_016696765.1,Turicimonas_muris_YL45,1796652,BETAPROTEOBACTERIA
GCF_003955735.1,Undibacterium_parvum_DSM_23061,401471,BETAPROTEOBACTERIA
GCF_022870845.1,Uruburuella_suis_125802,252130,BETAPROTEOBACTERIA
GCF_013003985.1,Usitatibacter_palustris_Swamp67,2732487,BETAPROTEOBACTERIA
GCF_000463015.1,Variovorax_paradoxus_B4,1246301,BETAPROTEOBACTERIA
GCF_000015565.1,Verminephrobacter_eiseniae_EF01-2,391735,BETAPROTEOBACTERIA
GCF_002222655.1,Vitreoscilla_filiformis_ATCC_15551,63,BETAPROTEOBACTERIA
GCF_020616155.1,Vogesella_XCS3,2877939,BETAPROTEOBACTERIA
GCF_022354425.1,Wielerella_bovis_08LB461,2917790,BETAPROTEOBACTERIA
GCF_009906855.1,Xylophilus_rhododendri_KACC_21265,2697032,BETAPROTEOBACTERIA
GCA_003054515.1,Zoogloeaceae_bacteirum_Par-f-2,2080469,BETAPROTEOBACTERIA
GCF_001293165.1,Candidatus_Thioglobus_autotrophicus,1705394,GAMMAPROTEOBACTERIA
GCF_016592595.1,Abyssogena_phaseoliformis_symbiont_OG214,1235283,GAMMAPROTEOBACTERIA
GCF_003184265.1,Acidiferrobacter_SPIII_3,1281578,GAMMAPROTEOBACTERIA
GCF_001753245.1,Acidihalobacter_yilgarnensis_F5,2819280,GAMMAPROTEOBACTERIA
GCF_001593425.2,Acinetobacter_baumannii_ATCC_17978-VU,470,GAMMAPROTEOBACTERIA
GCF_000739435.1,Actinobacillus_suis_ATCC_33415,743972,GAMMAPROTEOBACTERIA
GCF_009910365.1,Aequoribacter_fuscus_IMCC3088,2518989,GAMMAPROTEOBACTERIA
GCF_000196395.1,Aeromonas_salmonicida_sub_salmonicida_A449,382245,GAMMAPROTEOBACTERIA
GCF_003967035.1,Aerosticca_soli_Dysh456,2010829,GAMMAPROTEOBACTERIA
GCF_002157225.2,Agarilytica_rhodophyticola_017,1737490,GAMMAPROTEOBACTERIA
GCF_001420915.1,Agarivorans_gilvus_WH0801,680279,GAMMAPROTEOBACTERIA
GCF_023518055.1,Aggregatibacter_actinomycetemcomitans_4S,714,GAMMAPROTEOBACTERIA
GCF_003015185.1,Ahniella_affigens_D13,2021234,GAMMAPROTEOBACTERIA
GCF_000009365.1,Alcanivorax_borkumensis_SK2,393595,GAMMAPROTEOBACTERIA
GCF_024347215.1,Aliamphritea_ceti_KCTC_42154,1524258,GAMMAPROTEOBACTERIA
GCF_030316135.1,Aliiglaciecola_LCG003,3053655,GAMMAPROTEOBACTERIA
GCF_000011805.1,Aliivibrio_fischeri_ES114,312309,GAMMAPROTEOBACTERIA
GCF_000014785.1,Alkalilimnicola_ehrlichii_MLHE-1,187272,GAMMAPROTEOBACTERIA
GCF_023650495.1,Alkalimarinus_coralli_SCSIO_12638,2935863,GAMMAPROTEOBACTERIA
GCF_000300005.1,Alloalcanivorax_dieselolei_B5,930169,GAMMAPROTEOBACTERIA
GCF_000025485.1,Allochromatium_vinosum_DSM_180,572477,GAMMAPROTEOBACTERIA
GCF_000815225.1,Allofrancisella_guangzhouensis_08HL01032,594679,GAMMAPROTEOBACTERIA
GCF_000172635.2,Alteromonas_macleodii_ATCC_27126,529120,GAMMAPROTEOBACTERIA
GCF_024347255.1,Amphritea_atlantica_JCM_14776,355243,GAMMAPROTEOBACTERIA
GCF_902459485.1,Aquicella_siphonis_SGT-108,254247,GAMMAPROTEOBACTERIA
GCF_003351745.1,Aquirhabdus_parva_HYN0046,2283318,GAMMAPROTEOBACTERIA
GCF_012044895.1,Aquisalimonas_2447,2740807,GAMMAPROTEOBACTERIA
GCF_008064855.1,Atlantibacter_hermannii_ATCC_33651,565,GAMMAPROTEOBACTERIA
GCF_003864155.1,Avibacterium_paragallinarum_FARPER-174,728,GAMMAPROTEOBACTERIA
GCF_000021045.1,Azotobacter_vinelandii_DJ_ATCC_BAA-1303,322710,GAMMAPROTEOBACTERIA
GCF_002237535.1,Bacterioplanes_sanyensis_NV9,1249553,GAMMAPROTEOBACTERIA
GCF_024397975.1,Bacterioplanoides_SCSIO_12839,2829569,GAMMAPROTEOBACTERIA
GCF_011455875.1,Basfia_succiniciproducens_JF4016,653940,GAMMAPROTEOBACTERIA
GCF_003711265.1,Bathymodiolus_thermophilus_thioautotrophic_gill_symbiont_EPR9N,2360,GAMMAPROTEOBACTERIA
GCF_000013185.1,Baumannia_cicadellinicola_Hc_Homalodisca_coagulata,374463,GAMMAPROTEOBACTERIA
GCF_001305575.3,Beggiatoa_leptomitoformis_D-402,288004,GAMMAPROTEOBACTERIA
GCF_012295615.1,Bermanella_marisrubri_RED65,207949,GAMMAPROTEOBACTERIA
GCF_000347595.1,Bibersteinia_trehalosi_USDA-ARS-USMARC-192,1171377,GAMMAPROTEOBACTERIA
GCF_013377195.1,Bisgaardia_hudsonensis_M327992,109472,GAMMAPROTEOBACTERIA
GCF_002291445.1,Brenneria_goodwinii_FRB141,1109412,GAMMAPROTEOBACTERIA
GCF_000009605.1,Buchnera_aphidicola_APS_Acyrthosiphon_pisum,107806,GAMMAPROTEOBACTERIA
GCF_003675305.1,Buttiauxella_3AFRM03,2479367,GAMMAPROTEOBACTERIA
GCF_011290485.1,Caldichromatium_japonicum_No.7,2699430,GAMMAPROTEOBACTERIA
GCF_001534665.1,Candidatus_Arsenophonus_lipoptenae_CB,634113,GAMMAPROTEOBACTERIA
GCF_902860225.1,Candidatus_Azoamicus_ciliaticola,2652803,GAMMAPROTEOBACTERIA
GCF_000011745.1,Candidatus_Blochmannia_pennsylvanicus_BPEN,291272,GAMMAPROTEOBACTERIA
GCF_000441575.1,Candidatus_Carsonella_ruddii_DC,667013,GAMMAPROTEOBACTERIA
GCF_024172705.1,Candidatus_Comchoanobacter_bicostacola_Comchoano-1,2919598,GAMMAPROTEOBACTERIA
GCA_016699715.1,Candidatus_Competibacteraceae_bacterium,2053538,GAMMAPROTEOBACTERIA
GCA_020541345.1,Candidatus_Ecksteinia_adelgidicola,1076629,GAMMAPROTEOBACTERIA
GCF_023733635.1,Candidatus_Endoriftia_persephone,393765,GAMMAPROTEOBACTERIA
GCA_000953435.1,Candidatus_Evansia_muelleri,1495769,GAMMAPROTEOBACTERIA
GCF_003122425.1,Candidatus_Fukatsuia_symbiotica_5D,1878942,GAMMAPROTEOBACTERIA
GCF_900048035.1,Candidatus_Gullanella_endobia,1070130,GAMMAPROTEOBACTERIA
GCF_002285855.1,Candidatus_Hamiltonella_defensa_Bemisia_tabaci_MEAM1,672795,GAMMAPROTEOBACTERIA
GCF_900044015.1,Candidatus_Hoaglandella_endobia,1778263,GAMMAPROTEOBACTERIA
GCF_000828515.1,Candidatus_Ishikawaella_capsulata_Mpkobe,476281,GAMMAPROTEOBACTERIA
GCF_009498235.1,Candidatus_Methylospira_mobilis_Shm1,1808979,GAMMAPROTEOBACTERIA
GCF_900048045.1,Candidatus_Mikella_endobia,1778264,GAMMAPROTEOBACTERIA
GCF_000364725.1,Candidatus_Moranella_endobia_PCVAL,1234603,GAMMAPROTEOBACTERIA
GCF_902810445.1,Candidatus_Nitrosacidococcus_tergens,553981,GAMMAPROTEOBACTERIA
GCF_002356115.1,Candidatus_Nitrosoglobus_terrae_TAO100,1630141,GAMMAPROTEOBACTERIA
GCF_000298385.1,Candidatus_Portiera_aleyrodidarum_BT-QVLC,1239881,GAMMAPROTEOBACTERIA
GCF_904848675.1,Candidatus_Profftia_tarda,1177216,GAMMAPROTEOBACTERIA
GCF_001281385.1,Candidatus_Pseudothioglobus_singularis_PS1,1125411,GAMMAPROTEOBACTERIA
GCF_003391335.1,Candidatus_Purcelliella_pentastirinorum_OLIH,472834,GAMMAPROTEOBACTERIA
GCF_013343005.1,Candidatus_Reidiella_endopervernicosa,2738883,GAMMAPROTEOBACTERIA
GCF_003966755.1,Candidatus_Rickettsiella_viridis_Ap-RA04,676208,GAMMAPROTEOBACTERIA
GCF_000093065.1,Candidatus_Riesia_pediculicola_USDA,515618,GAMMAPROTEOBACTERIA
GCF_000015105.1,Candidatus_Ruthia_magnifica_Cm_Calyptogena_magnifica,413404,GAMMAPROTEOBACTERIA
GCF_019923565.1,Candidatus_Schneideria_nysicola,1081631,GAMMAPROTEOBACTERIA
GCF_020541225.1,Candidatus_Steffania_adelgidicola,1076626,GAMMAPROTEOBACTERIA
GCF_000828815.1,Candidatus_Tachikawaea_gelatinosa_UwTKB,1410383,GAMMAPROTEOBACTERIA
GCA_001447805.1,Candidatus_Tenderia_electrophaga,1748243,GAMMAPROTEOBACTERIA
GCF_963455295.1,Candidatus_Thiodiazotropha_CDECU1,3065865,GAMMAPROTEOBACTERIA
GCF_002813775.1,Candidatus_Thiodictyon_syntrophicum_Cad16T,1166950,GAMMAPROTEOBACTERIA
GCF_003326015.1,Candidatus_Thioglobus_NP1,2508687,GAMMAPROTEOBACTERIA
GCF_000010405.1,Candidatus_Vesicomyosocius_okutanii_HA,412965,GAMMAPROTEOBACTERIA
GCF_900637305.1,Cardiobacterium_hominis_NCTC10426,2718,GAMMAPROTEOBACTERIA
GCF_007289895.1,Catenovulum_sediminis_WS1-A,1740262,GAMMAPROTEOBACTERIA
GCF_000757825.1,Cedecea_neteri_SSMD04,158822,GAMMAPROTEOBACTERIA
GCF_914590485.1,Celerinatantimonas_diazotrophica,412034,GAMMAPROTEOBACTERIA
GCF_000019225.1,Cellvibrio_japonicus_Ueda107,498211,GAMMAPROTEOBACTERIA
GCF_000520015.2,Chania_multitudinisentens_RB-25,1441930,GAMMAPROTEOBACTERIA
GCF_030582835.1,Chimaeribacter_arupi_DSM_115072,2060066,GAMMAPROTEOBACTERIA
GCF_000055785.1,Chromohalobacter_salexigens_DSM_3043,290398,GAMMAPROTEOBACTERIA
GCA_000648515.1,Citrobacter_freundii_CFNIH1,1333848,GAMMAPROTEOBACTERIA
GCF_001720485.1,Cobetia_marina_JCM_21022,28258,GAMMAPROTEOBACTERIA
GCF_002076895.1,Cognaticolwellia_beringensis_NB097-1,1967665,GAMMAPROTEOBACTERIA
GCF_000012325.1,Colwellia_psychrerythraea_34H_BAA-681,167879,GAMMAPROTEOBACTERIA
GCF_002850495.1,Coxiella-like_endosymbiont_of_Amblyomma_americanum,1987500,GAMMAPROTEOBACTERIA
GCF_000017105.1,Coxiella_burnetii_Dugway_5J108-111,434922,GAMMAPROTEOBACTERIA
GCF_000982825.1,Cronobacter_sakazakii_ATCC_29544,28141,GAMMAPROTEOBACTERIA
GCF_000442595.1,Cycloclasticus_zancles_78-ME,1198232,GAMMAPROTEOBACTERIA
GCF_030035755.1,Cysteiniphilum_QT6929,2975055,GAMMAPROTEOBACTERIA
GCF_027498055.1,Denitrificimonas_caeni_CE14,521720,GAMMAPROTEOBACTERIA
GCF_000015345.1,Dichelobacter_nodosus_VCS1703A,246195,GAMMAPROTEOBACTERIA
GCF_000147055.1,Dickeya_dadantii_3937,198628,GAMMAPROTEOBACTERIA
GCF_001632775.1,Dokdonella_koreensis_DS-123,1300342,GAMMAPROTEOBACTERIA
GCF_003072645.1,Dongshaea_marina_DM2,2047966,GAMMAPROTEOBACTERIA
GCF_020342335.1,Duffyella_gerundensis_AR,1619313,GAMMAPROTEOBACTERIA
GCF_001641285.1,Dyella_thiooxydans_ATSB10,445710,GAMMAPROTEOBACTERIA
GCF_001632845.1,Ectothiorhodospira_BSL-9,1442136,GAMMAPROTEOBACTERIA
GCF_000022885.2,Edwardsiella_ictaluri_93-146,634503,GAMMAPROTEOBACTERIA
GCF_025562755.1,Endozoicomonas_euniceicola_EF212,1234143,GAMMAPROTEOBACTERIA
GCF_000025565.1,Enterobacter_cloacae_sub_cloacae_ATCC_13047,716541,GAMMAPROTEOBACTERIA
GCF_016653615.1,Entomomonas_asaccharolytica_F2A,2785331,GAMMAPROTEOBACTERIA
GCF_000027205.1,Erwinia_amylovora_ATCC_49946,716540,GAMMAPROTEOBACTERIA
GCA_013285385.1,Erwiniaceae_bacterium_PD-1,2740817,GAMMAPROTEOBACTERIA
GCF_000005845.2,Escherichia_coli_K-12_sub_MG1655,511145,GAMMAPROTEOBACTERIA
GCF_000008865.2,Escherichia_coli_O157_H7_str_Sakai,386585,GAMMAPROTEOBACTERIA
GCF_014233485.1,Ewingella_americana_B6-1,41202,GAMMAPROTEOBACTERIA
GCF_000148645.1,Ferrimonas_balearica_DSM_9799,550540,GAMMAPROTEOBACTERIA
GCF_016918765.2,Flagellatimonas_centrodinii_R2A-3,2806210,GAMMAPROTEOBACTERIA
GCF_016469335.1,Flocculibacter_collagenilyticus_SM1988,2744479,GAMMAPROTEOBACTERIA
GCF_000236145.1,Fluoribacter_dumoffii_Tex-KL,1094714,GAMMAPROTEOBACTERIA
GCF_000008985.1,Francisella_tularensis_sub_tularensis_SCHU_S4,177416,GAMMAPROTEOBACTERIA
GCF_000242255.2,Frateuria_aurantia_DSM_6220,767434,GAMMAPROTEOBACTERIA
GCF_011455495.1,Frederiksenia_canicola_HPA_21,123824,GAMMAPROTEOBACTERIA
GCF_000807275.1,Frischella_perrara_PEB0191,1267021,GAMMAPROTEOBACTERIA
GCF_003367375.1,Gallaecimonas_mangrovi_HK-28,2291597,GAMMAPROTEOBACTERIA
GCF_000209675.1,Gallibacterium_anatis_UMN179,1005058,GAMMAPROTEOBACTERIA
GCF_002291425.1,Gibbsiella_quercinecans_FRB97,929813,GAMMAPROTEOBACTERIA
GCF_000599985.1,Gilliamella_apicola_wkB1,1196095,GAMMAPROTEOBACTERIA
GCF_024204685.1,Gilvimarinus_DA14,2956798,GAMMAPROTEOBACTERIA
GCA_000212335.1,Glaciecola_4H-3-7YE-5_4H-3-7YE-5,983545,GAMMAPROTEOBACTERIA
GCF_000021885.1,Glaesserella_parasuis_SH0165,557723,GAMMAPROTEOBACTERIA
GCF_002215215.1,Granulosicoccus_antarcticus_IMCC3135,1192854,GAMMAPROTEOBACTERIA
GCF_001558255.2,Grimontia_hollisae_FDAARGOS_111,673,GAMMAPROTEOBACTERIA
GCF_009734265.1,Guyparkeria_halophila_sp2,47960,GAMMAPROTEOBACTERIA
GCF_000940805.1,Gynuella_sunshinyii_YC6258,1445510,GAMMAPROTEOBACTERIA
GCF_000007945.1,Haemophilus_ducreyi_35000HP,233412,GAMMAPROTEOBACTERIA
GCF_000931575.1,Haemophilus_influenzae_477,727,GAMMAPROTEOBACTERIA
GCF_000597785.2,Hafnia_alvei_FB1,1453496,GAMMAPROTEOBACTERIA
GCF_000012985.1,Hahella_chejuensis_KCTC_2396,349521,GAMMAPROTEOBACTERIA
GCF_009388985.1,Halioglobus_maricola_IMCC14385,2601894,GAMMAPROTEOBACTERIA
GCF_000196875.2,Halomonas_elongata_DSM_2581,768066,GAMMAPROTEOBACTERIA
GCF_020025155.1,Halopseudomonas_nanhaiensis_SCS_2-3,2830842,GAMMAPROTEOBACTERIA
GCF_000015585.1,Halorhodospira_halophila_SL1,349124,GAMMAPROTEOBACTERIA
GCF_001648175.1,Halotalea_alkalilenta_IHB_B_13600,376489,GAMMAPROTEOBACTERIA
GCF_000024765.1,Halothiobacillus_neapolitanus_c2,555778,GAMMAPROTEOBACTERIA
GCF_000019405.1,Histophilus_somni_2336,228400,GAMMAPROTEOBACTERIA
GCF_004851605.1,Hydrocarboniclastica_marina_soil36-7,2259620,GAMMAPROTEOBACTERIA
GCF_004786015.1,Hydrogenovibrio_crunogenus_SP-41,39765,GAMMAPROTEOBACTERIA
GCF_000008465.1,Idiomarina_loihiensis_L2TR,283942,GAMMAPROTEOBACTERIA
GCF_022655595.1,Ignatzschineria_rhizosphaerae_HR5S32,2923279,GAMMAPROTEOBACTERIA
GCF_001697225.1,Immundisolibacter_cernigliae_TR3.2,1810504,GAMMAPROTEOBACTERIA
GCF_000299335.2,Isoalcanivorax_pacificus_W11-5,391936,GAMMAPROTEOBACTERIA
GCF_016592615.1,Isorropodon_fossajaponicum_endosymbiont_JTNG4,1235284,GAMMAPROTEOBACTERIA
GCF_005671395.1,Jejubacter_calystegiae_KSNA2,2579935,GAMMAPROTEOBACTERIA
GCF_004295645.1,Jinshanibacter_zhutongyuii_CF-458,2498113,GAMMAPROTEOBACTERIA
GCF_000024085.1,Kangiella_koreensis_DSM_16069,523791,GAMMAPROTEOBACTERIA
GCF_002863865.1,Ketobacter_alkanivorans_GI5,1917421,GAMMAPROTEOBACTERIA
GCF_010669285.1,Kineobactrum_salinum_M2,2708301,GAMMAPROTEOBACTERIA
GCF_000215745.1,Klebsiella_aerogenes_KCTC_2190,1028307,GAMMAPROTEOBACTERIA
GCF_000016305.1,Klebsiella_pneumoniae_sub_pneumoniae_MGH_78578_ATCC_700721,272620,GAMMAPROTEOBACTERIA
GCF_000019565.1,Klebsiella_variicola_342,244366,GAMMAPROTEOBACTERIA
GCF_900635475.1,Kluyvera_intermedia_NCTC12125,61648,GAMMAPROTEOBACTERIA
GCF_000300455.3,Kosakonia_sacchari_SP1,1235834,GAMMAPROTEOBACTERIA
GCF_002157205.1,Kushneria_marisflavi_SW32,157779,GAMMAPROTEOBACTERIA
GCF_001466725.1,Lacimicrobium_alkaliphilum_YelD216,1526571,GAMMAPROTEOBACTERIA
GCF_001518835.1,Leclercia_adecarboxylata_USDA-ARS-USMARC-60222,83655,GAMMAPROTEOBACTERIA
GCF_000953635.1,Legionella_micdadei_ATCC_33218,451,GAMMAPROTEOBACTERIA
GCF_000008485.1,Legionella_pneumophila_sub_pneumophila_Philadelphia_1,272624,GAMMAPROTEOBACTERIA
GCF_015209785.1,Lelliottia_steviae_LST-1,2781390,GAMMAPROTEOBACTERIA
GCF_900478135.1,Leminorella_richardii_NCTC12151,158841,GAMMAPROTEOBACTERIA
GCF_003096015.2,Limnobaculum_parvum_HYN0051,2172103,GAMMAPROTEOBACTERIA
GCF_004295665.1,Litorilituus_sediminis_JCM_17549,718192,GAMMAPROTEOBACTERIA
GCF_009650135.1,Litorivicinus_lipolyticus_IMCC_1097,418701,GAMMAPROTEOBACTERIA
GCF_003515985.1,Lonsdalea_britannica_477,1082704,GAMMAPROTEOBACTERIA
GCF_001887595.1,Luteibacter_rhizovicinus_DSM_16549_LJ96,1440763,GAMMAPROTEOBACTERIA
GCF_002327105.1,Luteimonas_chenhongjianii_100111,2006110,GAMMAPROTEOBACTERIA
GCF_002355975.1,Lysobacter_enzymogenes_M497-1,69,GAMMAPROTEOBACTERIA
GCF_000376645.1,Mannheimia_haemolytica_M42548,1316932,GAMMAPROTEOBACTERIA
GCF_000224005.2,Marichromatium_purpuratum_984,765910,GAMMAPROTEOBACTERIA
GCF_021655555.1,Marinagarivorans_cellulosilyticus_GE09,2721545,GAMMAPROTEOBACTERIA
GCF_026153455.1,Marinimicrobium_C6131,3022676,GAMMAPROTEOBACTERIA
GCF_000284615.1,Marinobacter_nauticus_ATCC_49840,1163748,GAMMAPROTEOBACTERIA
GCF_001651805.1,Marinobacterium_aestuarii_ST58-10,1821621,GAMMAPROTEOBACTERIA
GCF_014805825.1,Marinomonas_algicola_SM1966,2773454,GAMMAPROTEOBACTERIA
GCF_003265225.1,Mergibacter_septicus_27517-4-I1,221402,GAMMAPROTEOBACTERIA
GCF_022788635.1,Methylobacter_S3L5C,2839024,GAMMAPROTEOBACTERIA
GCF_003584645.1,Methylocaldum_marinum_S8,1432792,GAMMAPROTEOBACTERIA
GCF_000008325.1,Methylococcus_capsulatus_Bath,243233,GAMMAPROTEOBACTERIA
GCF_019669985.1,Methylogaea_oryzae_E10,1295382,GAMMAPROTEOBACTERIA
GCF_019670005.1,Methylomagnum_ishizawai_RS11D-Pr,1760988,GAMMAPROTEOBACTERIA
GCF_033126985.1,Methylomarinovum_caldicuralii_IT-9,438856,GAMMAPROTEOBACTERIA
GCF_000214665.1,Methylomonas_methanica_MC09,857087,GAMMAPROTEOBACTERIA
GCF_000260985.4,Methylophaga_nitratireducenticrescens_JAM1,754476,GAMMAPROTEOBACTERIA
GCA_016592635.1,Methyloprofundus_sp.,2020875,GAMMAPROTEOBACTERIA
GCF_000968535.2,Methylotuvimicrobium_alcaliphilum_20Z,1091494,GAMMAPROTEOBACTERIA
GCF_002209385.1,Methylovulum_psychrotolerans_HV10_M2,1704499,GAMMAPROTEOBACTERIA
GCF_001999945.1,Microbulbifer_agarilyticus_GP101,260552,GAMMAPROTEOBACTERIA
GCF_002953195.1,Mixta_gaviniae_DSM_22758,665914,GAMMAPROTEOBACTERIA
GCF_022592395.1,Moellerella_wisconsensis_W65,158849,GAMMAPROTEOBACTERIA
GCF_000092265.1,Moraxella_catarrhalis_BBH18,1236608,GAMMAPROTEOBACTERIA
GCF_000286435.2,Morganella_morganii_sub_morganii_KT,1124991,GAMMAPROTEOBACTERIA
GCA_000953735.1,Moritella_viscosa,80854,GAMMAPROTEOBACTERIA
GCF_000023545.1,Musicola_paradisiaca_Ech703,579405,GAMMAPROTEOBACTERIA
GCF_030295765.1,Neptuniibacter_halophilus_LMG_25378,651666,GAMMAPROTEOBACTERIA
GCF_008630635.1,Neptunomonas_concharum_JCM17730,1031538,GAMMAPROTEOBACTERIA
GCF_008727795.1,Nitrincola_iocasae_KXZD1103,2614693,GAMMAPROTEOBACTERIA
GCF_000024725.1,Nitrosococcus_halophilus_Nc_4,472759,GAMMAPROTEOBACTERIA
GCF_001586165.1,Obesumbacterium_proteus_DSM_2777,82983,GAMMAPROTEOBACTERIA
GCF_002117105.1,Oceanicoccus_sagamiensis_NBRC_107125,716816,GAMMAPROTEOBACTERIA
GCF_000243075.1,Oceanimonas_GK1,511062,GAMMAPROTEOBACTERIA
GCF_002157895.1,Oceanisphaera_profunda_SM1222,1416627,GAMMAPROTEOBACTERIA
GCF_002162375.1,Oleiphilus_messinensis_ME102,141451,GAMMAPROTEOBACTERIA
GCA_000967895.1,Oleispira_antarctica_RB-8,698738,GAMMAPROTEOBACTERIA
GCF_009684715.1,Otariodibacter_oris_Baika1,1032623,GAMMAPROTEOBACTERIA
GCF_000025405.2,Pantoea_ananatis_LMG_20103,706191,GAMMAPROTEOBACTERIA
GCF_000347635.1,Paraglaciecola_psychrophila_170,1129794,GAMMAPROTEOBACTERIA
GCF_019900845.1,Paraneptunicella_aestuarii_NBU2194,2831148,GAMMAPROTEOBACTERIA
GCF_002216855.1,Paraphotobacterium_marinum_NSCS20N07D,1755811,GAMMAPROTEOBACTERIA
GCF_004358445.1,Parashewanella_tropica_MEBiC05444,2547970,GAMMAPROTEOBACTERIA
GCF_000006825.1,Pasteurella_multocida_sub_multocida_Pm70,272843,GAMMAPROTEOBACTERIA
GCF_000260925.1,Pectobacterium_parmentieri_SCC3193,1905730,GAMMAPROTEOBACTERIA
GCF_009756665.1,Permianibacter_aggregans_HW001,1510150,GAMMAPROTEOBACTERIA
GCF_000196255.1,Photobacterium_profundum_SS9,298386,GAMMAPROTEOBACTERIA
GCF_000196155.1,Photorhabdus_laumondii_sub_laumondii_TTO1,243265,GAMMAPROTEOBACTERIA
GCF_003925915.1,Phytobacter_MRY16-398,2487150,GAMMAPROTEOBACTERIA
GCF_000300295.4,Piscirickettsia_salmonis_LF-89_ATCC_VR-1361,1227812,GAMMAPROTEOBACTERIA
GCF_007954585.1,Pistricoccus_aurantiacus_CBA4606,1883414,GAMMAPROTEOBACTERIA
GCA_000180175.2,Plautia_stali_symbiont,891974,GAMMAPROTEOBACTERIA
GCF_031198435.1,Pleionea_HL-JVS1,3070815,GAMMAPROTEOBACTERIA
GCF_003019855.1,Plesiomonas_shigelloides_MS-17-188,703,GAMMAPROTEOBACTERIA
GCF_000757785.1,Pluralibacter_gergoviae_FB2,61647,GAMMAPROTEOBACTERIA
GCA_030252795.1,Porticoccaceae_bacterium_LTM1,3051164,GAMMAPROTEOBACTERIA
GCF_001026985.1,Pragia_fontium_24613,82985,GAMMAPROTEOBACTERIA
GCF_030388725.1,Prodigiosinella_LS101,3057057,GAMMAPROTEOBACTERIA
GCF_000069965.1,Proteus_mirabilis_HI4320,529507,GAMMAPROTEOBACTERIA
GCF_000259175.1,Providencia_stuartii_MRSN_2154,1157951,GAMMAPROTEOBACTERIA
GCF_009734345.1,Pseudidiomarina_andamanensis_W-5T,1940690,GAMMAPROTEOBACTERIA
GCF_001444405.1,Pseudoalteromonas_phenolica_KCTC_12086,161398,GAMMAPROTEOBACTERIA
GCF_021172065.1,Pseudocitrobacter_corydidari,2891570,GAMMAPROTEOBACTERIA
GCF_001444425.1,Pseudohongiella_spirulinae_KCTC_32221,1249552,GAMMAPROTEOBACTERIA
GCF_004168365.1,Pseudolysobacter_antarcticus_AQ6-296,2511995,GAMMAPROTEOBACTERIA
GCF_000006765.1,Pseudomonas_aeruginosa_PAO1,208964,GAMMAPROTEOBACTERIA
GCF_000007565.2,Pseudomonas_putida_KT2440,160488,GAMMAPROTEOBACTERIA
GCF_000012245.1,Pseudomonas_syringae_pv._syringae_B728a,205918,GAMMAPROTEOBACTERIA
GCF_000233915.3,Pseudoxanthomonas_spadix_BD-a59,1045855,GAMMAPROTEOBACTERIA
GCF_000012305.1,Psychrobacter_arcticus_273-4,259536,GAMMAPROTEOBACTERIA
GCF_000015285.1,Psychromonas_ingrahamii_37,357804,GAMMAPROTEOBACTERIA
GCF_017948405.1,Psychrosphaera_aestuarii_PSC101,1266052,GAMMAPROTEOBACTERIA
GCF_000187705.1,Rahnella_aceris_Y9602,2703885,GAMMAPROTEOBACTERIA
GCF_000367425.1,Raoultella_ornithinolytica_B6,1286170,GAMMAPROTEOBACTERIA
GCF_002795845.1,Reinekea_forsetii_Hel1_31_D35,1336806,GAMMAPROTEOBACTERIA
GCF_003990335.1,Rheinheimera_mangrovi_LHK132,2498451,GAMMAPROTEOBACTERIA
GCF_000230695.2,Rhodanobacter_denitrificans_2APBS1,666685,GAMMAPROTEOBACTERIA
GCF_010587025.1,Rodentibacter_heylii_G1,1906744,GAMMAPROTEOBACTERIA
GCF_026967475.1,Rouxiella_chamberiensis_DSM_28324,1513468,GAMMAPROTEOBACTERIA
GCA_023703515.1,SAR86_cluster_bacterium,2030880,GAMMAPROTEOBACTERIA
GCA_024802545.1,SAR92_clade_bacterium_H455,2974818,GAMMAPROTEOBACTERIA
GCF_003063625.1,Saccharobesus_litoralis_CCB-QB4,2172099,GAMMAPROTEOBACTERIA
GCF_000013665.1,Saccharophagus_degradans_2-40,203122,GAMMAPROTEOBACTERIA
GCF_003367315.1,Saccharospirillum_mangrovi_HK-33,2161747,GAMMAPROTEOBACTERIA
GCF_003006155.1,Salinicola_tamaricis_F01,1771309,GAMMAPROTEOBACTERIA
GCF_003429285.1,Salinimonas_sediminis_N102,2303538,GAMMAPROTEOBACTERIA
GCF_003143555.1,Saliniradius_amylolyticus_HMF8227,2183582,GAMMAPROTEOBACTERIA
GCF_003177035.1,Salinisphaera_LB1,2183911,GAMMAPROTEOBACTERIA
GCF_005280275.1,Salinivibrio_kushneri_AL184,1908198,GAMMAPROTEOBACTERIA
GCF_000006945.2,Salmonella_enterica_sub_enterica_serovar_Typhimurium_LT2,99287,GAMMAPROTEOBACTERIA
GCF_003935895.2,Scandinavium_goeteborgense_CCUG_66741,1851514,GAMMAPROTEOBACTERIA
GCF_001007875.1,Sedimenticola_thiotaurini_SIP-G1,1543721,GAMMAPROTEOBACTERIA
GCF_000513215.1,Serratia_marcescens_sub_marcescens_Db11,273526,GAMMAPROTEOBACTERIA
GCF_000146165.2,Shewanella_oneidensis_MR-1,211586,GAMMAPROTEOBACTERIA
GCF_000012005.1,Shigella_dysenteriae_Sd197,300267,GAMMAPROTEOBACTERIA
GCF_000006925.2,Shigella_flexneri_2a_301,198214,GAMMAPROTEOBACTERIA
GCF_000262305.1,Shimwellia_blattae_DSM_4481_NBRC_105725,630626,GAMMAPROTEOBACTERIA
GCF_025914095.1,Siccibacter_colletis_YSD_YN2,1505757,GAMMAPROTEOBACTERIA
GCF_000305785.2,Simiduia_agarivorans_SA1_DSM_21679,1117647,GAMMAPROTEOBACTERIA
GCF_010092425.1,Sinimarinibacterium_NLF-5-8,2698684,GAMMAPROTEOBACTERIA
GCF_000010085.1,Sodalis_glossinidius_morsitans,343509,GAMMAPROTEOBACTERIA
GCF_003428335.1,Solimonas_K1W22B-7,2303331,GAMMAPROTEOBACTERIA
GCF_011009015.1,Spartinivicinus_ruber_S2-4-1H,2683272,GAMMAPROTEOBACTERIA
GCF_000319575.2,Spiribacter_salinus_M19-40,1260251,GAMMAPROTEOBACTERIA
GCF_001010805.1,Spongiibacter_IMCC21906,1620392,GAMMAPROTEOBACTERIA
GCF_000072485.1,Stenotrophomonas_maltophilia_K279a,522373,GAMMAPROTEOBACTERIA
GCF_001579945.1,Steroidobacter_denitrificans_DSM_18526,465721,GAMMAPROTEOBACTERIA
GCF_000013785.1,Stutzerimonas_stutzeri_A1501,379731,GAMMAPROTEOBACTERIA
GCF_016747875.1,Succinivibrio_dextrinosolvens_ASCUSBF53,83771,GAMMAPROTEOBACTERIA
GCF_002355735.1,Sulfuricaulis_limicola_HA5,1620215,GAMMAPROTEOBACTERIA
GCF_003967195.1,Sulfuriflexus_mobilis_aks1,1811807,GAMMAPROTEOBACTERIA
GCF_002355415.1,Sulfurifustis_variabilis_skN76,1675686,GAMMAPROTEOBACTERIA
GCF_004001245.1,Sulfurivermis_fontis_JG42,1972068,GAMMAPROTEOBACTERIA
GCF_029319185.1,Superficieibacter_HKU1,3031919,GAMMAPROTEOBACTERIA
GCF_021513215.1,Suttonella_R2A3,2908648,GAMMAPROTEOBACTERIA
GCF_002163585.1,Tatumella_citrea_DSM_13699,53336,GAMMAPROTEOBACTERIA
GCF_000023025.1,Teredinibacter_turnerae_T7901,377629,GAMMAPROTEOBACTERIA
GCF_000355675.1,Thalassolituus_oleivorans_MIL-1,1298593,GAMMAPROTEOBACTERIA
GCF_000948985.2,Thalassomonas_viridans_XOM25,137584,GAMMAPROTEOBACTERIA
GCF_001831495.1,Thalassotalea_crassostreae_LPB0090,1763536,GAMMAPROTEOBACTERIA
GCF_019703835.1,Thaumasiovibrio_subtropicus_C4V358,1891207,GAMMAPROTEOBACTERIA
GCF_009664085.1,Thermochromatium_tepidum_ATCC_43061,316276,GAMMAPROTEOBACTERIA
GCF_014395425.1,Thermomonas_brevis_KACC_16975,215691,GAMMAPROTEOBACTERIA
GCF_000321415.2,Thioalkalivibrio_nitratireducens_DSM_14787,1255043,GAMMAPROTEOBACTERIA
GCF_021228795.1,Thiocapsa_bogorovii_BBS,521689,GAMMAPROTEOBACTERIA
GCF_000227745.2,Thiocystis_violascens_DSM_198,765911,GAMMAPROTEOBACTERIA
GCF_000327045.1,Thioflavicoccus_mobilis_8321,765912,GAMMAPROTEOBACTERIA
GCF_002356355.1,Thiohalobacter_thiocyanaticus_FOKN1,585455,GAMMAPROTEOBACTERIA
GCA_016745215.1,Thiohalocapsa_PB-PSB1,1385625,GAMMAPROTEOBACTERIA
GCF_000828615.1,Thiolapillus_brandeum_Hiromi_1,1076588,GAMMAPROTEOBACTERIA
GCF_004293625.1,Thiomicrorhabdus_indica_13-15A,2267253,GAMMAPROTEOBACTERIA
GCF_000214825.1,Thiomicrospira_cyclica_ALM1,717773,GAMMAPROTEOBACTERIA
GCA_000828835.1,Thioploca_ingrica,40754,GAMMAPROTEOBACTERIA
GCF_001267175.1,Thiopseudomonas_alkaliphila_B4199,1697053,GAMMAPROTEOBACTERIA
GCF_011398355.1,Thiosulfatimonas_sediminis_aks77,2675054,GAMMAPROTEOBACTERIA
GCF_011398155.1,Thiosulfativibrio_zosterae_AkT22,2675053,GAMMAPROTEOBACTERIA
GCF_016772315.1,Thiothrix_subterranea_Ku-5,2735563,GAMMAPROTEOBACTERIA
GCF_000023065.1,Tolumonas_auensis_DSM_9187,595494,GAMMAPROTEOBACTERIA
GCF_030053895.1,Trabulsiella_odontotermitis_TBY01,379893,GAMMAPROTEOBACTERIA
GCF_016132445.1,Venatoribacter_cucullus_ASxL5,2661630,GAMMAPROTEOBACTERIA
GCF_000462975.1,Vibrio_anguillarum_M3,882944,GAMMAPROTEOBACTERIA
GCF_000006745.1,Vibrio_cholerae_O1_biovar_El_Tor_N16961,243277,GAMMAPROTEOBACTERIA
GCF_000196095.1,Vibrio_parahaemolyticus_RIMD_2210633_RIMD_2210633_sub_RIMD_2210633,223926,GAMMAPROTEOBACTERIA
GCF_001187785.1,Wenzhouxiangella_marina_KCTC_42284,1579979,GAMMAPROTEOBACTERIA
GCF_000247565.1,Wigglesworthia_glossinidia_endosymbiont_of_Glossina_morsitans,1142511,GAMMAPROTEOBACTERIA
GCF_001677435.1,Woeseia_oceani_XK5,1548547,GAMMAPROTEOBACTERIA
GCF_030062115.1,Wohlfahrtiimonas_chitiniclastica_BM-Y,400946,GAMMAPROTEOBACTERIA
GCF_000007145.1,Xanthomonas_campestris_pv._campestris_ATCC_33913,190485,GAMMAPROTEOBACTERIA
GCF_000019585.2,Xanthomonas_oryzae_pv._oryzae_PXO99A,360094,GAMMAPROTEOBACTERIA
GCF_000953355.1,Xenorhabdus_nematophila_AN61,1437823,GAMMAPROTEOBACTERIA
GCF_000006725.1,Xylella_fastidiosa_9a5c,160492,GAMMAPROTEOBACTERIA
GCF_000009345.1,Yersinia_enterocolitica_sub_enterocolitica_8081,393305,GAMMAPROTEOBACTERIA
GCF_000009065.1,Yersinia_pestis_CO92,214092,GAMMAPROTEOBACTERIA
GCF_012109195.1,Yokenella_regensburgei_W13,158877,GAMMAPROTEOBACTERIA
GCF_001586255.1,Zhongshania_aliphaticivorans_SM-2,1470434,GAMMAPROTEOBACTERIA
GCF_002407485.1,Zobellella_denitrificans_F13-1,347534,GAMMAPROTEOBACTERIA
GCF_011745665.1,Zophobihabitans_entericus_IPMB12,1635327,GAMMAPROTEOBACTERIA
GCF_003610015.1,Zymobacter_palmae_IAM14233,33074,GAMMAPROTEOBACTERIA
GCF_001547755.1,endosymbiont_of_Bathymodiolus_septemdierum_Myojin_knoll,1303921,GAMMAPROTEOBACTERIA
GCF_004296535.1,endosymbiont_of_Euscepes_postfasciatus,650377,GAMMAPROTEOBACTERIA
GCF_004296495.1,endosymbiont_of_Rhynchophorus_ferrugineus,1972133,GAMMAPROTEOBACTERIA
GCF_000801295.1,endosymbiont_of_unidentified_scaly_snail_isolate_Monju,1248727,GAMMAPROTEOBACTERIA
GCA_000198515.1,gamma_proteobacterium_HdN1,83406,GAMMAPROTEOBACTERIA
GCA_009497875.2,gamma_proteobacterium_SS-5,947516,GAMMAPROTEOBACTERIA
GCF_000287335.1,secondary_endosymbiont_of_Ctenarytaina_eucalypti,1199245,GAMMAPROTEOBACTERIA
GCA_902167415.1,uncultured_Woeseiaceae_bacterium,1983305,GAMMAPROTEOBACTERIA
GCF_000021485.1,Acidithiobacillus_ferrooxidans_ATCC_23270,243159,OTHER_PROTEOBACTERIA
GCF_003258315.1,Bradymonas_sediminis_FA350,1548548,OTHER_PROTEOBACTERIA
GCF_003574215.1,Hydrogenophilus_thermoluteolus_TH-1,297,OTHER_PROTEOBACTERIA
GCF_002795805.1,Mariprofundus_aestuarium_CP-5,1921086,OTHER_PROTEOBACTERIA
GCF_001660005.1,Borrelia_hermsii_HS1,1867252,SPIROCHAETOTA
GCF_000008685.2,Borreliella_burgdorferi_B31,224326,SPIROCHAETOTA
GCF_000223215.1,Brachyspira_intermedia_PWSA,1045858,SPIROCHAETOTA
GCA_025266855.1,Brevinematales_bacterium_NS,2979017,SPIROCHAETOTA
GCF_016616095.2,Breznakiella_homolactica_RmG30,2798577,SPIROCHAETOTA
GCF_022376835.1,Brucepastera_parasyntrophica_RmG11,2880008,SPIROCHAETOTA
GCF_028748145.1,Entomospira_culicis_BR151,2719989,SPIROCHAETOTA
GCF_000219725.1,Gracilinema_caldarium_DSM_7334,744872,SPIROCHAETOTA
GCF_000214355.1,Leadbettera_azotonutricia_ZAS-9,545695,SPIROCHAETOTA
GCF_000017605.1,Leptospira_biflexa_strain_Patoc_1_Ames,355278,SPIROCHAETOTA
GCF_000092565.1,Leptospira_interrogans_serovar_Lai_56601,189518,SPIROCHAETOTA
GCF_008329965.1,Oceanispirochaeta_crateris_K2,2518645,SPIROCHAETOTA
GCF_000208385.1,Parasphaerochaeta_coccoides_DSM_17374,760011,SPIROCHAETOTA
GCF_000507245.1,Salinispira_pacifica_L21-RPul-D2,1307761,SPIROCHAETOTA
GCF_000143985.1,Sediminispirochaeta_smaragdinae_DSM_11293,573413,SPIROCHAETOTA
GCF_000236685.1,Sphaerochaeta_pleomorpha_Grapes,158190,SPIROCHAETOTA
GCF_000242595.2,Spirochaeta_africana_DSM_8902,889378,SPIROCHAETOTA
GCF_023525255.1,Thermospira_aquatica_F1F22,2828656,SPIROCHAETOTA
GCF_008329945.1,Thiospirochaeta_perfilievii_P,252967,SPIROCHAETOTA
GCF_000008185.1,Treponema_denticola_ATCC_35405,243275,SPIROCHAETOTA
GCF_000604125.1,Treponema_pallidum_sub_pallidum_Sea_81-4,1095955,SPIROCHAETOTA
GCF_000266885.1,Turneriella_parva_DSM_21527,869212,SPIROCHAETOTA
GCF_000266925.1,Acetomicrobium_mobile_DSM_13181,891968,SYNERGISTOTA
GCF_018069705.1,Aminithiophilus_ramosus_J.5.4.2-T.3.5.2,3029084,SYNERGISTOTA
GCF_000025885.1,Aminobacterium_colombiense_DSM_12261,572547,SYNERGISTOTA
GCF_000165795.1,Aminomonas_paucivorans_DSM_12260,584708,SYNERGISTOTA
GCF_001701045.1,Cloacibacillus_porcorum_CL-84_T,1197717,SYNERGISTOTA
GCF_000210715.1,Fretibacterium_fastidiosum_SGP1,651822,SYNERGISTOTA
GCF_000237805.1,Jonquetella_anthropi_DSM_22815,885272,SYNERGISTOTA
GCF_022846135.1,Pyramidobacter_piscolens_CE91-St28,638849,SYNERGISTOTA
GCF_000024905.1,Thermanaerovibrio_acidaminovorans_DSM_6589,525903,SYNERGISTOTA
GCF_000233775.1,Thermovirga_lienii_DSM_17291,580340,SYNERGISTOTA
GCF_001548275.1,Caldimicrobium_thiodismutans_TF1,1653476,THERMODESULFOBACTERIOTA
GCF_001577525.1,Candidatus_Desulfofervidus_auxilii_HS1,1621989,THERMODESULFOBACTERIOTA
GCA_030644725.1,Candidatus_Electrothrix_communis,1859133,THERMODESULFOBACTERIOTA
GCF_014218275.1,Citrifermentans_bremense_R4,60035,THERMODESULFOBACTERIOTA
GCF_031326125.1,Cupidesulfovibrio_liaohensis_KPS,2604158,THERMODESULFOBACTERIOTA
GCF_000143965.1,Desulfarculus_baarsii_DSM_2075,644282,THERMODESULFOBACTERIOTA
GCF_000021905.1,Desulfatibacillum_aliphaticivorans_AK-1,218208,THERMODESULFOBACTERIOTA
GCF_000195295.1,Desulfobacca_acetoxidans_DSM_11109,880072,THERMODESULFOBACTERIOTA
GCA_028768525.1,Desulfobacter_BMAN-1,2294,THERMODESULFOBACTERIOTA
GCF_000307105.1,Desulfobacula_toluolica_Tol2,651182,THERMODESULFOBACTERIOTA
GCF_002952055.1,Desulfobulbus_oralis_HOT041ORNL,1986146,THERMODESULFOBACTERIOTA
GCF_000341395.1,Desulfocapsa_sulfexigens_DSM_10523,1167006,THERMODESULFOBACTERIOTA
GCF_002009335.2,Desulfococcus_multivorans_DSM_2059,897,THERMODESULFOBACTERIOTA
GCF_000212675.2,Desulfocurvibacter_africanus_sub_africanus_Walvis_Bay,690850,THERMODESULFOBACTERIOTA
GCF_023169885.1,Desulfofustis_limnaeus_PPLL,2740163,THERMODESULFOBACTERIOTA
GCF_005377625.1,Desulfoglaeba_alkanexedens_ALDC,980445,THERMODESULFOBACTERIOTA
GCF_000024325.1,Desulfohalobium_retbaense_DSM_5692,485915,THERMODESULFOBACTERIOTA
GCF_025998535.1,Desulfolithobacter_dissulfuricans_GF1,2795293,THERMODESULFOBACTERIOTA
GCF_021654575.1,Desulfoluna_limicola_ASN36,2810562,THERMODESULFOBACTERIOTA
GCF_013376475.1,Desulfolutivibrio_sulfoxidireducens_DSM_107105,2773299,THERMODESULFOBACTERIOTA
GCF_019703855.1,Desulfomarina_profundi_KT2,2772557,THERMODESULFOBACTERIOTA
GCF_000023225.1,Desulfomicrobium_baculatum_DSM_4028,525897,THERMODESULFOBACTERIOTA
GCF_000266945.1,Desulfomonile_tiedjei_DSM_6799,706587,THERMODESULFOBACTERIOTA
GCF_017377355.1,Desulfonema_limicola_5ac10,45656,THERMODESULFOBACTERIOTA
GCF_010646885.2,Desulfopila_IMCC35008,2653858,THERMODESULFOBACTERIOTA
GCF_000020365.1,Desulforapulum_autotrophicum_HRM2,177437,THERMODESULFOBACTERIOTA
GCF_009688945.1,Desulfosarcina_alkanivorans_PL12,571177,THERMODESULFOBACTERIOTA
GCF_005116675.2,Desulfosediminicola_ganghwensis_IMCC35004,2569540,THERMODESULFOBACTERIOTA
GCF_000018405.1,Desulfosudis_oleivorans_Hxd3,96561,THERMODESULFOBACTERIOTA
GCF_000025945.1,Desulfotalea_psychrophila_LSv54,177439,THERMODESULFOBACTERIOTA
GCF_017815575.1,Desulfovibrio_desulfuricans_IC1,876,THERMODESULFOBACTERIOTA
GCF_000092205.1,Desulfurivibrio_alkaliphilus_AHT_2,589865,THERMODESULFOBACTERIOTA
GCF_001278055.1,Desulfuromonas_soudanensis_WTL,1603606,THERMODESULFOBACTERIOTA
GCF_000827125.1,Geoalkalibacter_subterraneus_Red1,483547,THERMODESULFOBACTERIOTA
GCF_000012925.1,Geobacter_metallireducens_GS-15,269799,THERMODESULFOBACTERIOTA
GCF_023221575.1,Geomonas_paludis_RG22,2740185,THERMODESULFOBACTERIOTA
GCF_000016745.1,Geotalea_uraniireducens_Rf4,351605,THERMODESULFOBACTERIOTA
GCF_000331715.1,Lawsonia_intracellularis_N343,1234378,THERMODESULFOBACTERIOTA
GCF_000023445.1,Maridesulfovibrio_salexigens_DSM_2638,526222,THERMODESULFOBACTERIOTA
GCF_000195755.1,Nitratidesulfovibrio_vulgaris_Hildenborough,882,THERMODESULFOBACTERIOTA
GCF_013085545.1,Oceanidesulfovibrio_marinus_CS1,370038,THERMODESULFOBACTERIOTA
GCF_000012665.1,Oleidesulfovibrio_alaskensis_G20,207559,THERMODESULFOBACTERIOTA
GCF_021391355.1,Paradesulfovibrio_bizertensis_SY-1,376490,THERMODESULFOBACTERIOTA
GCF_000015045.1,Pelobacter_propionicus_DSM_2379,338966,THERMODESULFOBACTERIOTA
GCF_000176915.2,Pseudodesulfovibrio_aespoeensis_Aspo-2,643562,THERMODESULFOBACTERIOTA
GCF_008001235.1,Salidesulfovibrio_onnuriiensis_IOR2,2583823,THERMODESULFOBACTERIOTA
GCF_000010665.1,Solidesulfovibrio_magneticus_RS-1,573370,THERMODESULFOBACTERIOTA
GCF_000014965.1,Syntrophobacter_fumaroxidans_MPOB,335543,THERMODESULFOBACTERIOTA
GCF_000012885.1,Syntrophotalea_carbinolica_DSM_2380,338963,THERMODESULFOBACTERIOTA
GCF_000013405.1,Syntrophus_aciditrophicus_SB,56780,THERMODESULFOBACTERIOTA
GCF_000217795.1,Thermodesulfatator_indicus_DSM_15286,667014,THERMODESULFOBACTERIOTA
GCF_000215975.1,Thermodesulfobacterium_geofontis_OPF15,795359,THERMODESULFOBACTERIOTA
GCF_027925145.1,Thermodesulfomicrobium_WS,3004129,THERMODESULFOBACTERIOTA
GCF_012317585.1,Thermosulfurimonas_marina_SU872,2047767,THERMODESULFOBACTERIOTA
GCF_011207455.1,Thermosulfuriphilus_ammonigenes_ST65,1936021,THERMODESULFOBACTERIOTA
GCF_015239775.1,Trichlorobacter_lovleyi_IAE,313985,THERMODESULFOBACTERIOTA
GCF_009936215.1,Athalassotoga_saccharophila_NAS-01,1441386,THERMOTOGOTA
GCF_000953715.1,Defluviitoga_tunisiensis,1006576,THERMOTOGOTA
GCF_000235405.2,Fervidobacterium_pennivorans_DSM_9078,771875,THERMOTOGOTA
GCF_000023325.1,Kosmotoga_olearia_TBF_19.5.1,521045,THERMOTOGOTA
GCF_000255135.1,Marinitoga_piezophila_KA3,443254,THERMOTOGOTA
GCF_000147715.2,Mesotoga_prima_MesG1.Ag.4.2,660470,THERMOTOGOTA
GCF_025837015.1,Oceanotoga_DSM_15011,2984951,THERMOTOGOTA
GCF_000018605.1,Petrotoga_mobilis_SJ95,403833,THERMOTOGOTA
GCF_000017865.1,Pseudothermotoga_lettingae_TMO,416591,THERMOTOGOTA
GCF_014701195.1,Tepiditoga_spiralis_sy52,2108365,THERMOTOGOTA
GCF_000021285.1,Thermosipho_africanus_TCF52B,484019,THERMOTOGOTA
GCF_000008545.1,Thermotoga_maritima_MSB8,243274,THERMOTOGOTA
GCF_000020225.1,Akkermansia_muciniphila_ATCC_BAA-835,349741,VERRUCOMICROBIOTA
GCA_017798145.1,Akkermansiaceae_bacterium_AJA081-3,2562705,VERRUCOMICROBIOTA
GCA_030867835.1,Candidatus_Organicella_extenuata,2841811,VERRUCOMICROBIOTA
GCF_014529625.1,Candidatus_Pelagisphaera_phototrophica,2684113,VERRUCOMICROBIOTA
GCF_001318295.1,Candidatus_Xiphinematobacter_Idaho_Grape,1704307,VERRUCOMICROBIOTA
GCA_016766615.1,Candidatus_Xiphinematobacter,1903058,VERRUCOMICROBIOTA
GCF_000025905.1,Coraliomargarita_akajimensis_DSM_45221,583355,VERRUCOMICROBIOTA
GCF_024832785.1,Fontisphaera_persica_B-154,2974023,VERRUCOMICROBIOTA
GCF_019464535.1,Horticoccus_luteus_KSB-15,2862869,VERRUCOMICROBIOTA
GCF_001746835.1,Lacunisphaera_limnophila_IG16b,1838286,VERRUCOMICROBIOTA
GCF_012913485.1,Luteolibacter_luteus_G-1-1-1,2728835,VERRUCOMICROBIOTA
GCF_903064525.1,Methylacidimicrobium_AP8,2730359,VERRUCOMICROBIOTA
GCF_000019665.1,Methylacidiphilum_infernorum_V4,481448,VERRUCOMICROBIOTA
GCF_007475525.1,Methylacidiphilum_kamchatkense_Kam1,1202785,VERRUCOMICROBIOTA
GCF_002310495.1,Nibricoccus_aquaticus_HZ-65,2576891,VERRUCOMICROBIOTA
GCA_000242935.3,Opitutaceae_bacterium_TAV5,794903,VERRUCOMICROBIOTA
GCA_014529665.2,Opitutae_bacterium_ISCC_51,2684115,VERRUCOMICROBIOTA
GCF_000019965.1,Opitutus_terrae_PB90-1,452637,VERRUCOMICROBIOTA
GCF_033100135.1,Puniceicoccus_CR14,3080537,VERRUCOMICROBIOTA
GCF_011044495.1,Roseimicrobium_ORNL1,2711231,VERRUCOMICROBIOTA
GCF_019603315.1,Ruficoccus_ZRK36,2866311,VERRUCOMICROBIOTA
GCF_010681825.2,Sulfuriroseicoccus_oceanibius_T37,2707525,VERRUCOMICROBIOTA
GCA_000972765.1,Verrucomicrobia_bacterium_IMCC26134,1637999,VERRUCOMICROBIOTA
GCF_000172155.1,Verrucomicrobium_spinosum_DSM_4136_JCM_18804,240016,VERRUCOMICROBIOTA
GCF_015775515.1,Atribacter_laminatus_RT761,2847778,OTHER_BACTERIA
GCA_001029735.1,Berkelbacteria_bacterium_GW2011_GWE1_39_12,1618337,OTHER_BACTERIA
GCF_000284335.1,Caldisericum_exile_AZM16c01,511051,OTHER_BACTERIA
GCF_001886815.1,Caldithrix_abyssi_DSM_13497_LF13,880073,OTHER_BACTERIA
GCA_001007975.1,Candidate_division_SR1_bacterium_Aalborg_AAW-1,1643353,OTHER_BACTERIA
GCA_000503875.1,Candidate_division_SR1_bacterium_RAAC1_SR1_1,1394709,OTHER_BACTERIA
GCA_001029715.1,Candidate_division_TM6_bacterium_GW2011_GWF2_28_16,1619077,OTHER_BACTERIA
GCA_020341755.1,Candidate_division_WOR-3_bacterium,2052148,OTHER_BACTERIA
GCA_020344415.1,Candidatus_Aminicenantes_bacterium,2052149,OTHER_BACTERIA
GCF_000513475.1,Candidatus_Babela_massiliensis_673862,673862,OTHER_BACTERIA
GCA_001029675.1,Candidatus_Beckwithbacteria_bacterium_GW2011_GWC1_49_16,1618372,OTHER_BACTERIA
GCA_016432565.1,Candidatus_Berkelbacteria_bacterium,2053521,OTHER_BACTERIA
GCF_900465355.1,Candidatus_Bipolaricaulis_anaerobius,2026885,OTHER_BACTERIA
GCA_004102645.1,Candidatus_Bipolaricaulis_sibiricus,2501609,OTHER_BACTERIA
GCA_001029775.1,Candidatus_Campbellbacteria_bacterium_GW2011_OD1_34_28,1618633,OTHER_BACTERIA
GCF_009936135.1,Candidatus_Chazhemtobacterium_aquaticus,2715735,OTHER_BACTERIA
GCF_003366055.1,Candidatus_Chromulinivorax_destructor_SeV1,2066483,OTHER_BACTERIA
GCF_000146065.2,Candidatus_Cloacimonas_acidaminovorans_Evry,459349,OTHER_BACTERIA
GCA_020348885.1,Candidatus_Coatesbacteria_bacterium,2250272,OTHER_BACTERIA
GCA_014075295.1,Candidatus_Dadabacteria_bacterium,2080303,OTHER_BACTERIA
GCA_016432425.1,Candidatus_Daviesbacteria_bacterium,2053542,OTHER_BACTERIA
GCA_020886235.1,Candidatus_Dependentiae_bacterium_Noda2021,2891165,OTHER_BACTERIA
GCA_025999155.1,Candidatus_Dojkabacteria_bacterium,2099670,OTHER_BACTERIA
GCA_020349905.1,Candidatus_Eisenbacteria_bacterium,2212470,OTHER_BACTERIA
GCF_000146025.2,Candidatus_Endomicrobium_trichonymphae_Rs-D17,1408204,OTHER_BACTERIA
GCA_016699775.1,Candidatus_Falkowbacteria_bacterium,2053554,OTHER_BACTERIA
GCF_030520105.1,Candidatus_Fervidibacter_sacchari_PD1,1448929,OTHER_BACTERIA
GCA_016432405.1,Candidatus_Giovannonibacteria_bacterium,2053557,OTHER_BACTERIA
GCA_002761215.1,Candidatus_Gracilibacteria_bacterium_HOT-871,1540872,OTHER_BACTERIA
GCA_017134395.1,Candidatus_Kaiserbacteria_bacterium,2030810,OTHER_BACTERIA
GCA_016432345.1,Candidatus_Levybacteria_bacterium,2052151,OTHER_BACTERIA
GCA_016699165.1,Candidatus_Melainabacteria_bacterium,2052166,OTHER_BACTERIA
GCA_001765415.1,Candidatus_Melainabacteria_bacterium_MEL.A1,1899017,OTHER_BACTERIA
GCA_000091165.1,Candidatus_Methylomirabilis_oxyfera,671143,OTHER_BACTERIA
GCF_018866205.1,Candidatus_Minimicrobia_vallesae,2841264,OTHER_BACTERIA
GCA_016699385.1,Candidatus_Moranbacteria_bacterium,2045217,OTHER_BACTERIA
GCF_025273655.1,Candidatus_Mycosynbacter_amalyticus,2665156,OTHER_BACTERIA
GCA_015257785.3,Candidatus_Nanogingivalaceae_bacterium,2725942,OTHER_BACTERIA
GCF_000803625.1,Candidatus_Nanosynbacter_lyticus_TM7x,2093824,OTHER_BACTERIA
GCA_022530585.1,Candidatus_Nealsonbacteria_bacterium_DGGOD1a,3043262,OTHER_BACTERIA
GCA_015698285.1,Candidatus_Nitronauta_litoralis,2705533,OTHER_BACTERIA
GCA_017347465.1,Candidatus_Nitrosymbiomonas_proteolyticus,2608984,OTHER_BACTERIA
GCA_016432485.1,Candidatus_Niyogibacteria_bacterium,2750078,OTHER_BACTERIA
GCA_016699085.1,Candidatus_Nomurabacteria_bacterium,2052152,OTHER_BACTERIA
GCA_030583745.1,Candidatus_Paceibacterota_bacterium,2053589,OTHER_BACTERIA
GCA_025999335.1,Candidatus_Parcubacteria_bacterium,2762014,OTHER_BACTERIA
GCA_016699145.1,Candidatus_Peregrinibacteria_bacterium,2030811,OTHER_BACTERIA
GCA_001430755.1,Candidatus_Peribacter_riflensis,1735162,OTHER_BACTERIA
GCA_023038255.1,Candidatus_Peribacteria_bacterium,2053688,OTHER_BACTERIA
GCA_016700135.1,Candidatus_Roizmanbacteria_bacterium,2282149,OTHER_BACTERIA
GCA_001029695.1,Candidatus_Saccharibacteria_bacterium_GW2011_GWC2_44_17,1619070,OTHER_BACTERIA
GCA_000503915.1,Candidatus_Saccharibacteria_bacterium_RAAC3_TM7_1,1394711,OTHER_BACTERIA
GCA_005697215.1,Candidatus_Saccharibacteria_bacterium_oral_taxon_488_AC001,713059,OTHER_BACTERIA
GCA_005697055.1,Candidatus_Saccharibacteria_bacterium_oral_taxon_955_PM004,2572087,OTHER_BACTERIA
GCA_030253535.1,Candidatus_Saccharimonadaceae_bacterium_ML1,3043284,OTHER_BACTERIA
GCF_000392435.1,Candidatus_Saccharimonas_aalborgensis,1332188,OTHER_BACTERIA
GCA_003290465.1,Candidatus_Sumerlaea_chitinivorans,2250252,OTHER_BACTERIA
GCA_016432465.1,Candidatus_Sungbacteria_bacterium,2750080,OTHER_BACTERIA
GCA_016699205.1,Candidatus_Uhrbacteria_bacterium,2053634,OTHER_BACTERIA
GCF_004102945.1,Candidatus_Velamenicoccus_archaeovorus_LiM,1930593,OTHER_BACTERIA
GCA_001029755.1,Candidatus_Woesebacteria_bacterium_GW2011_GWF1_31_35,1618600,OTHER_BACTERIA
GCA_001029635.1,Candidatus_Wolfebacteria_bacterium_GW2011_GWB1_47_1,1619007,OTHER_BACTERIA
GCF_003574315.2,Capsulimonas_corticalis_AX-7,2219043,OTHER_BACTERIA
GCF_000427095.1,Chthonomonas_calidirosea_T49,1303518,OTHER_BACTERIA
GCF_000020945.1,Coprothermobacter_proteolyticus_DSM_5265,309798,OTHER_BACTERIA
GCF_003353065.1,Cyclonatronum_proteinivorum_Omega,1457365,OTHER_BACTERIA
GCF_000177635.2,Desulfurispirillum_indicum_S5,653733,OTHER_BACTERIA
GCF_000020965.1,Dictyoglomus_thermophilum_H-6-12_ATCC_35947,309799,OTHER_BACTERIA
GCF_022026155.1,Dissulfurimicrobium_hydrothermale_Sh68,1750598,OTHER_BACTERIA
GCF_014701235.1,Dissulfurispira_thermophila_T55J,2715679,OTHER_BACTERIA
GCA_023213235.1,Elusimicrobiota_bacterium,2030800,OTHER_BACTERIA
GCF_000020145.1,Elusimicrobium_minutum_Pei191,445932,OTHER_BACTERIA
GCF_001027545.1,Endomicrobium_proavitum_Rsa215,1408281,OTHER_BACTERIA
GCF_000024665.1,Fibrobacter_succinogenes_sub_succinogenes_S85,59374,OTHER_BACTERIA
GCF_000724625.1,Fimbriimonas_ginsengisoli_Gsoil_348_GSoil_348,661478,OTHER_BACTERIA
GCA_030623315.1,Gemmatimonadaceae_bacterium_strain_138,3062593,OTHER_BACTERIA
GCF_000010305.1,Gemmatimonas_aurantiaca_T-27,379066,OTHER_BACTERIA
GCF_000522985.1,Gemmatirosa_kalamazoonensis_KBS708,861299,OTHER_BACTERIA
GCA_015709675.1,Ignavibacteriales_bacterium,2049428,OTHER_BACTERIA
GCF_000258405.1,Ignavibacterium_album_JCM_16511,945713,OTHER_BACTERIA
GCF_001017655.1,Kiritimatiella_glycovorans_L21-Fru-AB,1307763,OTHER_BACTERIA
GCF_028728065.1,Lentisphaera_profundi_SAORIC-696,1658616,OTHER_BACTERIA
GCA_022009855.1,Lentisphaeria_bacterium,2053569,OTHER_BACTERIA
GCF_000299235.1,Leptospirillum_ferriphilum_ML-04,1048260,OTHER_BACTERIA
GCF_000279145.1,Melioribacter_roseus_P3M-2,1191523,OTHER_BACTERIA
GCF_946900835.1,Nitrospina_watsonii_347,1323948,OTHER_BACTERIA
GCA_000196815.1,Nitrospira_defluvii,330214,OTHER_BACTERIA
GCA_001518995.2,Rhodothermaceae_bacterium_RA,1779382,OTHER_BACTERIA
GCF_000024845.1,Rhodothermus_marinus_DSM_4252,518766,OTHER_BACTERIA
GCF_000090405.2,Salinibacter_ruber_M8,761659,OTHER_BACTERIA
GCF_000024985.1,Sphaerobacter_thermophilus_DSM_20745,479434,OTHER_BACTERIA
GCA_018127705.1,TM7_phylum_oral_taxon_349_PM007,713051,OTHER_BACTERIA
GCA_005697395.1,TM7_phylum_oral_taxon_952_TM7x,2572089,OTHER_BACTERIA
GCF_000020985.1,Thermodesulfovibrio_yellowstonii_DSM_11347,289376,OTHER_BACTERIA
GCF_000021685.1,Thermomicrobium_roseum_DSM_5159,309801,OTHER_BACTERIA
GCF_009905215.1,Tichowtungia_aerotolerans_S-5007,2697043,OTHER_BACTERIA
GCA_022559525.1,Vermiphilus_pyriformis,1763547,OTHER_BACTERIA
GCA_002998355.1,Victivallales_bacterium_CCUG_44730,2094242,OTHER_BACTERIA
GCA_001729625.1,bacterium_AB1,1898108,OTHER_BACTERIA
GCA_001029795.1,candidate_division_Kazan_bacterium_GW2011_GWA1_50_15,1620412,OTHER_BACTERIA